c0,Itcum,t_end,tail
3.3670618786137911,1744.0497539452215,392.30376043266062,127.50961832592353
3.7635073705581785,2195.0911308775408,305.36969683830364,120.84626486524054
4.1599528625025659,2515.7092072540422,277.55835655411693,115.16044749185265
4.5563983544469533,2751.1444596566971,262.79869240021446,110.23448918430584
4.9528438463913407,2928.5596919127856,252.56870949310252,105.91303689854996
5.3492893383357281,3064.9981362542012,244.34925359648059,102.08184933001158
5.7457348302801154,3171.6386532119091,237.21135291588149,98.65478983894765
6.1421803222245028,3256.0847545867932,230.75899774389484,95.565519479046372
6.5386258141688902,3323.665530989615,224.80247898601505,92.762006410475138
6.9350713061132776,3378.2112086057723,219.24041324668323,90.202788606488326
7.331516798057665,3422.5344193924889,214.01234069578584,87.854364418877609
7.7279622900020533,3458.7391533183441,209.07812996490418,85.689329629956219
8.1244077819464415,3488.4249351014846,204.40846877549006,83.685021070797546
8.5208532738908289,3512.8251978738049,199.98024557638871,81.822511673695928
8.9172987658352163,3532.9031519237915,195.77420190402563,80.085854181686784
9.3137442577796037,3549.4195123914205,191.77368352372548,78.461503928296139
9.7101897497239911,3562.9811846686166,187.96394220552759,76.937872644605463
10.106635241668378,3574.0768110682006,184.33172223698034,75.504979534495945
10.503080733612766,3583.1030921568554,180.86499874462757,74.154175512943709
10.899526225557153,3590.384527361407,177.55279965853669,72.877923142199592
11.295971717501541,3596.1883934537454,174.38507557860885,71.669619441205228
11.692417209445928,3600.7362314832685,171.35259841074571,70.523452034253452
12.088862701390315,3604.2127427870109,168.44687831317091,69.434281470460846
12.485308193334703,3606.7727410187485,165.66009309427156,68.397544267161322
12.88175368527909,3608.5466306302678,162.98502667864878,67.409172497802331
13.278199177223478,3609.6447577788831,160.4150146071824,66.465526688276498
13.674644669167865,3610.1608907862083,157.94389528213128,65.563339494651927
14.071090161112252,3610.1750231143355,155.56596608675241,64.699668173152517
14.46753565305664,3609.7556449990857,153.2759437495663,63.87185426511617
14.863981145001027,3608.9615953616376,151.06892846622586,63.077489237286329
15.260426636945414,3607.8435799366562,148.9403713812122,62.314385064999492
15.656872128889802,3606.4454222779646,146.88604509073247,61.580548939276603
16.053317620834189,3604.8050997149599,144.90201687073431,60.874161431597201
16.449763112778577,3602.9556052080793,142.98462436659037,60.193557571250899
16.846208604722964,3600.9256675057077,141.13045350792794,59.537210387026477
17.242654096667351,3598.7403553946833,139.33631843508667,58.903716542684549
17.639099588611739,3596.421586690416,137.59924324421314,58.291783758569245
18.035545080556126,3593.9885585812413,135.91644537634923,57.700219762670351
18.431990572500514,3591.4581127652223,134.28532049261131,57.127922556112843
18.828436064444901,3588.8450463007375,132.70342869276786,56.573871812183363
19.224881556389288,3586.1623770874162,131.16848194839898,56.037121256139642
19.621327048333676,3583.4215712889818,129.67833263442967,55.516791896313478
20.017772540278067,3580.6327387184729,128.23096305427993,55.012065996348426
20.41421803222245,3577.8048011629239,126.8244758642582,54.522181694546894
20.810663524166841,3574.9456377776628,125.45708531220779,54.046428189803237
21.207109016111225,3572.0622109900855,124.12710921382084,53.584141424886141
21.603554508055616,3569.1606757878531,122.83296159792965,53.134700207667628
22,3566.2464748021544,121.57314595829774,52.697522718342697
