c0,t_end,Delta_t,J,Itcum
3.433736371259609,366.52116753653519,30.223295446402805,0.15940615431409627,1831.712676094565
3.5672351834643345,333.21164443295254,45.257615750547515,0.58176569563510561,1991.8975920175178
3.7007339956690601,312.57831540172896,55.717671946595075,1.1725850215153404,2133.8744846978748
3.8342328078737857,298.54071062324874,63.840218430290498,1.8968459730958016,2260.2272186180408
3.9677316200785113,288.32406899053785,70.415377786852616,2.7274652634335927,2373.1401298205501
4.1012304322832369,280.48156642107892,75.851112927387859,3.6415009987109097,2474.4327194417774
4.2347292444879621,274.19191659027325,80.399842038470808,4.6193188459023924,2565.6240890617141
4.3682280566926881,268.95968392763871,84.234761650284327,5.6441966729492741,2647.9895395448179
4.5017268688974141,264.47186811602091,87.48262092992384,6.7019994725557686,2722.6062593534893
4.6352256811021393,260.5233725683338,90.240222717897794,7.7808688508011965,2790.3895900142988
4.7687244933068644,256.97574946767821,92.583731180410723,8.8709272501113539,2852.1217998644333
4.9022233055115905,253.73319134345655,94.57438521476557,9.9640040653454349,2908.475021158753
5.0357221177163165,250.72797716562451,96.262238571783854,11.053388475561292,2960.0296515097757
5.1692209299210417,247.91134525697447,97.688732837940094,12.133610697898161,3007.2892176526748
5.3027197421257668,245.24760312138176,98.888537517088565,13.200251125273102,3050.6924633075628
5.4362185543304928,242.71023191712422,99.890907012244156,14.249775491093477,3090.6232439842779
5.5697173665352189,240.27925493911727,100.72070630230002,15.279393561508806,3127.4186770776141
5.703216178739944,237.93942678960411,101.3992018995034,16.28693864532843,3161.3758944157266
5.8367149909446692,235.67896684854384,101.94468197905888,17.270765255376485,3192.757667955856
5.9702138031493952,233.48866056874607,102.37294935883484,18.229662435064942,3221.7971211743356
6.1037126153541212,231.36121351479329,102.69771803578807,19.16278050697241,3248.7016941822239
6.2372114275588464,229.29078167274812,102.93093538827361,20.069569262550548,3273.656496277355
6.3707102397635715,227.27262635143907,103.08304629256759,20.949725869072768,3296.8271530015413
6.5042090519682976,225.30285821621692,103.16321130758529,21.803151008709516,3318.3622339498388
6.6377078641730236,223.37824578903377,103.17948815963138,22.629911979393203,3338.3953312002136
6.7712066763777488,221.49607104093886,103.13898363400585,23.430211676298406,3357.0468452687091
6.9047054885824739,219.65401969935652,103.04798140925861,24.204362536996303,3374.4255251739141
7.0382043007871999,217.85009735977809,102.91205019137021,24.952764674517319,3390.6298009307111
7.171703112991926,216.08256492569339,102.7361356095644,25.675887543060686,3405.7489401407979
7.3052019251966511,214.34988862845037,102.52463864700896,26.374254583440749,3419.864054965029
7.4387007374013763,212.65070111695815,102.28148284493328,27.048430381989075,3433.0489813862091
7.5721995496061023,210.98377100313604,102.01017209948087,27.699009949778226,3445.3710490961694
7.7056983618108283,209.34797890262925,101.7138405391816,28.326609790697265,3456.8917574078378
7.8391971740155544,207.74229849093223,101.39529570688127,28.931860478841141,3467.6673701763061
7.9726959862202786,206.16578145126925,101.05705605811993,29.515400509390957,3477.7494407134232
8.1061947984250047,204.61754545603111,100.70138361689072,30.077871223951963,3487.1852760199508
8.2396936106297307,203.09676452320087,100.33031249076465,30.619912642282888,3496.018348275094
8.3731924228344567,201.60266123963106,99.945673833877166,31.142160058422508,3504.2886603651777
8.506691235039181,200.13450045749886,99.549117753108135,31.645241281182123,3512.0330712611967
8.640190047243907,198.69158415754654,99.142132575936202,32.129774417483155,3519.285586236268
8.7736888594486331,197.27324723978739,98.726061834774725,32.596366112631962,3526.0776162224065
8.9071876716533591,195.87885405391074,98.302119269619141,33.04561017480146,3532.4382100199355
9.0406864838580834,194.50779552172949,97.871402106579964,33.478086522119682,3538.3942625747113
9.1741852960628094,193.1594867349273,97.434902832773687,33.894360400174826,3543.9707021138256
9.3076841082675354,191.83336493576715,96.993519656823707,34.294981825707019,3549.1906585676575
9.4411829204722615,190.52888780736515,96.548065817868817,34.680485218996679,3554.0756153953025
9.5746817326769857,189.24553201501647,96.099277883657038,35.0513891931705,3558.6455466634025
9.7081805448817118,187.98279195188786,95.647823159342636,35.408196473488985,3562.9190409984594
9.8416793570864378,186.74017865165499,95.194306312452099,35.751393923788342,3566.9134138343265
9.9751781692911639,185.51721883809313,94.739275305687343,36.081452660739345,3570.6448092048477
10.108676981495888,184.31345408738491,94.283226717416028,36.398828239549935,3574.1282921828533
10.242175793700614,183.12844008376987,93.826610519550727,36.703960897258924,3577.3779329373524
10.37567460590534,181.96174595263699,93.369834373784187,36.997275841911673,3580.406883268211
10.509173418110066,180.81295365845165,92.913267499611322,37.279183577732027,3583.2274463794301
10.64267223031479,179.6816574570434,92.457244161051818,37.550080257957895,3585.8511405662143
10.776171042519517,178.56746339386945,92.002066813340377,37.810348058328927,3588.2887574159204
10.909669854724243,177.46998884136966,91.548008945947544,38.060355565340124,3590.5504150570018
11.043168666928969,176.38886206979004,91.095317654027184,38.300458174334089,3592.6456069320529
11.176667479133693,175.3237218468517,90.644215966667261,38.530998493319693,3594.5832465201102
11.310166291338419,174.27421706249041,90.194904957069937,38.752306749100242,3596.3717083882757
11.443665103543145,173.24000637552939,89.747565656946989,38.964701192884995,3598.0188659130217
11.577163915747871,172.22075787969783,89.302360794920759,39.168488503060708,3599.5321259763509
11.710662727952595,171.21614878686455,88.859436376535911,39.363964183227289,3600.9184609108138
11.844161540157321,170.22586512569467,88.418923121561207,39.551412953964679,3602.1844379397244
11.977660352362047,169.24960145419345,87.980937772566264,39.731109137105648,3603.3362463343265
12.111159164566773,168.28706058493142,87.545584287261661,39.9033170315506,3604.3797224877999
12.244657976771499,167.33795332186185,87.112954925771277,40.068291279880526,3605.3203730864843
12.378156788976224,166.40199820781243,86.683131242833952,40.226277225210602,3606.1633965412866
12.51165560118095,165.47892128189625,86.25618499389806,40.377511257884365,3606.9137028266973
12.645154413385676,164.56845584615502,85.832178963151804,40.522221151738876,3607.5759318609121
12.7786532255904,163.67034224087945,85.411167720715113,40.660626389782813,3608.1544705480974
12.912152037795126,162.78432762806528,84.993198315493871,40.792938479220204,3608.6534685926331
13.045650849999852,161.91016578260175,84.578310909547668,40.919361255829337,3609.0768531851463
13.179149662204578,161.04761689074647,84.166539359246997,41.040091177768709,3609.428342651076
13.312648474409304,160.19644735557642,83.757911747978838,41.155317608933601,3609.7114591444174
13.446147286614028,159.35642960906392,83.352450874699628,41.265223092028414,3609.9295404619406
13.579646098818754,158.52734193050856,82.950174702221318,41.369983611552719,3610.0857510465617
13.71314491102348,157.70896827103536,82.551096768747172,41.46976884692657,3610.1830922425802
13.846643723228205,156.90109808393305,82.155226565842256,41.564742415999383,3610.2244118601056
13.980142535432931,156.10352616059868,81.762569885725682,41.655062109203449,3610.2124131010714
14.113641347637657,155.31605247186485,81.373129140504389,41.740880114623288,3610.149662894853
14.247140159842383,154.53848201452405,80.986903655726962,41.822343234259911,3610.0385996874506
14.380638972047109,153.77062466286054,80.603889940420061,41.899593091773596,3609.881540724572
14.514137784251833,153.0122950249966,80.224081935572912,41.972766331990343,3609.6806888656265
14.647636596456559,152.26331230390494,79.847471242861175,42.041994812457602,3609.4381389626424
14.781135408661285,151.52350016289245,79.474047335239675,42.107405787332475,3609.1558838353444
14.914634220866009,150.79268659545798,79.103797750891587,42.169122083882748,3608.8358198711917
15.048133033070735,150.07070379930704,78.736708271889682,42.227262271876228,3608.4797522768085
15.181631845275462,149.35738805442969,78.372763088808568,42.281940826129237,3608.0894000052449
15.315130657480188,148.65257960510007,78.011944952418759,42.333268282478038,3607.6664003815536
15.448629469684914,147.95612254562172,77.654235313497139,42.381351387431394,3607.2123134474277
15.582128281889638,147.26786470977549,77.299614451700037,42.426293241754323,3606.7286260441238
15.715627094094364,146.58765756375271,76.948061594365072,42.468193438226905,3606.2167556513268
15.84912590629909,145.91535610253115,76.599555026035262,42.507148193813151,3605.6780539983783
15.982624718503814,145.2508187495323,76.25407218943252,42.543250476468266,3605.1138104630213
16.116123530708538,144.59390725948603,75.911589778547878,42.57659012680427,3604.5252552716984
16.249622342913266,143.94448662435087,75.572083824460037,42.607253974826399,3603.9135625144004
16.38312115511799,143.30242498224482,75.235529774444629,42.635325951944701,3603.2798529861466
16.516619967322718,142.66759352923049,74.901902564890236,42.660887198458212,3602.6251968662614
16.650118779527443,142.03986643390115,74.571176688495783,42.684016166700765,3601.950616245847
16.783617591732167,141.41912075464529,74.243326256185782,42.704788720030706,3601.2570875130873
16.917116403936895,140.80523635952358,73.918325054145114,42.72327822783938,3600.545543605363
17.050615216141619,140.19809584865141,73.596146596342791,42.739555656746248,3599.8168761365009
17.184114028346343,139.59758447901248,73.276764172885478,42.753689658141639,3599.0719374069181
17.317612840551071,139.00359009163168,72.960150894514413,42.765746652231336,3598.311542303893
17.451111652755795,138.41600304099677,72.646279733535096,42.775790908731402,3597.5364700986715
17.584610464960523,137.83471612669908,72.335123561446395,42.783884624354521,3596.7474661466958
17.718109277165247,137.25962452717371,72.026655183515558,42.790087997223957,3595.945243496797
17.851608089369972,136.69062573550801,71.720847370526172,42.794459298345046,3595.1304844148003
17.985106901574699,136.1276194972188,71.417672887908921,42.797054940258519,3594.3038418266447
18.118605713779424,135.57050774994596,71.117104522449424,42.797929542995064,3593.4659406857631
18.252104525984148,135.01919456500599,70.819115106751681,42.797135997444578,3592.6173792691807
18.385603338188876,134.47358609072995,70.52367754162367,42.794725526249714,3591.7587304064687
18.5191021503936,133.93359049752323,70.230764816537814,42.790747742327504,3590.890542645453
18.652600962598328,133.39911792461822,69.940350028308103,42.785250705118997,3590.0133413583139
18.786099774803052,132.87008042841668,69.652406398115602,42.778280974662316,3589.1276297914687
18.919598587007776,132.34639193241992,69.366907287003087,42.769883663580202,3588.2338900624368
19.053097399212504,131.82796817865338,69.083826209952392,42.760102487069361,3587.3325841066894
19.186596211417228,131.31472668056426,68.803136848647696,42.748979810975008,3586.4241545772447
19.320095023621953,130.80658667731649,68.524813063022208,42.736556698030135,3585.5090256996809
19.45359383582668,130.30346908946851,68.248828901677186,42.722872952336068,3584.5876040850039
19.587092648031405,129.80529647595779,67.975158611256916,42.707967162156841,3583.6602795027002
19.720591460236133,129.31199299237389,67.70377664485639,42.69187674109741,3582.7274256161368
19.854090272440857,128.82348435045694,67.434657669533024,42.674637967732025,3581.7894006823581
19.987589084645581,128.33969777879551,67.167776572989098,42.656286023746645,3580.8465482182019
20.121087896850309,127.86056198468228,66.903108469486298,42.636855030656463,3579.8991976345255
20.254586709055033,127.3860071170842,66.640628705049409,42.616378085156306,3578.9476648402583
20.388085521259761,126.9159647306904,66.38031286201236,42.594887293160284,3577.992252817869
20.521584333464485,126.45036775101707,66.122136762955918,42.572413802583469,3577.0332521717423
20.655083145669209,125.98915044050698,65.866076474082703,42.548987834916659,3576.0709416509044
20.788581957873937,125.53224836562555,65.612108308072123,42.524638715643341,3575.1055886474128
20.922080770078662,125.07959836487851,65.360208826454794,42.499394903544854,3574.1374496716676
21.055579582283389,124.63113851784858,65.110354841542957,42.473284018939026,3573.166770805879
21.189078394488114,124.18680811490248,64.862523417951436,42.446332870894437,3572.1937881366816
21.322577206692838,123.74654762798468,64.616691873740322,42.418567483461523,3571.2187281681272
21.456076018897566,123.31029868212349,64.372837781209412,42.390013120959424,3570.2418082159143
21.58957483110229,122.87800402776926,64.130938967371407,42.360694312355946,3569.2632367838482
21.723073643307014,122.44960751390903,63.890973514129712,42.330634874776742,3568.2832139234206
21.856572455511742,122.02505406193615,63.65291975818419,42.299857936177482,3567.3019315773404
21.990071267716466,121.60428964025586,63.41675629068726,42.268385957212409,3566.3195739078024
22.123570079921191,121.18726123958801,63.182461956670615,42.236240752330247,3565.3363176102594
22.257068892125918,120.77391684896284,62.950015854261594,42.203443510127727,3564.3523322133901
22.390567704330643,120.36420543238323,62.719397333707363,42.170014812989692,3563.3677803659525
22.52406651653537,119.9580769061219,62.490585996222585,42.135974656043004,3562.3828181111335
22.657565328740095,119.55548211664291,62.263561692676838,42.101342465451218,3561.3975951490183
22.791064140944819,119.15637281913334,62.038304522135142,42.066137116074806,3560.41225508774
22.924562953149547,118.76070165661548,61.814794830265711,42.030376948521649,3559.4269356838399
23.058061765354271,118.36842213962609,61.593013207626484,41.99407978561085,3558.4417690723658
23.191560577558999,117.97948862643753,61.372940487842271,41.95726294827211,3557.4568819871738
23.325059389763723,117.5938563038346,61.154557745683277,41.919943270902337,3556.4723959719154
23.458558201968447,117.21148116837361,60.937846295054463,41.882137116199537,3555.4884275821209
23.592057014173175,116.83232000817216,60.722787686905221,41.84386038949409,3554.5050885788055
23.725555826377899,116.45633038516856,60.50936370706804,41.805128552595946,3553.5224861139914
23.859054638582624,116.08347061785204,60.297556374033633,41.765956637175861,3552.5407229085104
23.992553450787351,115.71369976445513,60.087347936670149,41.726359257698228,3551.5598974224399
24.126052262992076,115.3469776065883,59.878720871893492,41.686350623921768,3550.5801040185211
24.2595510751968,114.98326463329118,59.671657882294561,41.645944552984346,3549.6014331188517
24.393049887401528,114.62252202551915,59.466141893729798,41.605154481087148,3548.6239713551881
24.526548699606252,114.26471164102418,59.262156052880101,41.563993474792746,3547.6478017131176
24.66004751181098,113.90979599961778,59.05968372478344,41.5224742419514,3546.6730036703834
24.793546324015704,113.55773826883872,58.858708490345506,41.480609142269017,3545.6996533296297
24.927045136220428,113.20850224996471,58.659214143833196,41.43841019752977,3544.727823545802
25.060543948425156,112.86205236439739,58.461184690354244,41.395889101485842,3543.7575840484483
25.19404276062988,112.51835364039016,58.264604343327576,41.353057229426391,3542.789001559132
25.327541572834608,112.17737170011209,58.069457521946809,41.309925647437147,3541.8221399041886
25.461040385039333,111.83907274704262,57.875728848640925,41.266505121361746,3540.8570601230072
25.594539197244057,111.50342355368466,57.683403146534431,41.222806125475458,3539.8938205720442
25.728038009448785,111.17039144958298,57.492465436909939,41.178838850881441,3538.9324770247581
25.861536821653509,110.83994430964296,57.302900936675606,41.134613213639525,3537.9730827676181
25.995035633858233,110.51205054274747,57.114695055839618,41.090138862636678,3537.0156886923742
26.128534446062961,110.18667908064752,56.927833394993755,41.045425187208487,3536.0603433847477
26.262033258267685,109.86379936713243,56.742301742808287,41.000481324520273,3535.1070932096773
26.395532070472409,109.54338134747006,56.558086073539279,40.955316166716244,3534.1559823932812
26.529030882677137,109.22539545809822,56.375172544550651,40.909938367844653,3533.2070531016657
26.662529694881862,108.9098126165789,56.193547493851838,40.864356350566929,3532.2603455167196
26.796028507086589,108.59660421178759,56.013197437652728,40.818578312658026,3531.3158979090085
26.929527319291314,108.28574209434926,55.834109067936915,40.772612233305381,3530.3737467078972
27.063026131496038,107.97719856729969,55.656269250054379,40.726465879213137,3529.4339265690173
27.196524943700766,107.67094637697396,55.479665020334657,40.680146810518536,3528.4964704391718
27.33002375590549,107.36695870411735,55.304283583721229,40.633662386526758,3527.5614096188178
27.463522568110218,107.06520915520034,55.130112311427979,40.587019771270313,3526.6287738221754
27.597021380314942,106.76567175395326,54.957138738618639,40.540225938899098,3525.6985912351029
27.730520192519666,106.46832093308811,54.785350562109336,40.493287678906547,3524.7708885708184
27.864019004724394,106.17313152622771,54.614735638095397,40.446211601197767,3523.8456911235298
27.997517816929118,105.88007876002091,54.445281979902425,40.399004141004518,3522.923022820089
28.131016629133843,105.58913824643621,54.276977755762303,40.351671563652509,3522.0029062697326
28.26451544133857,105.30028597525126,54.109811286614438,40.304219969185652,3521.0853628119953
28.398014253543295,105.01349830670313,53.943771043932486,40.256655296852287,3520.1704125628521
28.531513065748019,104.72875196431426,53.778845647576929,40.208983329457546,3519.2580744591751
28.665011877952747,104.44602402788688,53.615023863673549,40.161209697586777,3518.3483663015695
28.798510690157471,104.16529192665635,53.452294602518158,40.113339883703688,3517.4413047956414
28.932009502362199,103.88653343260154,53.290646916507526,40.065379226127881,3516.5369055917722
29.065508314566923,103.60972665391139,53.130069998096701,40.017332922895164,3515.6351833234485
29.199007126771647,103.33485002859473,52.970553177782747,39.969206035504868,3514.736151644207
29.332505938976375,103.0618823182424,52.812085922114825,39.921003492557588,3513.8398232632517
29.466004751181099,102.79080260192441,52.654657831730852,39.872730093286982,3512.9462099797847
29.599503563385827,102.5215902702293,52.498258639420371,39.824390510989041,3512.0553227161126
29.733002375590551,102.25422501943248,52.342878208213783,39.775989296351938,3511.167171549564
29.866501187795276,101.98868684580421,52.188506529497893,39.727530880690018,3510.2817657432693
30,101.72495604003436,52.035133721157422,39.679019579084532,3509.3991137758494
