strategy,t,S,I,Sq,Iq,Cc,Cq,c,q,Rt
情景一阈值控制,0.0,26584.264486952732,0.00100662823352,0.0,0.0,0.0,0.0,12.8872,0.323,4.42583875256211
情景一阈值控制,0.024988764513161246,26584.26434761659,0.001032400065040244,9.015651053560418e-05,1.5815440074875728e-05,3.3294611624305784e-05,1.588502149874559e-05,12.8872,0.323,4.425838729364955
情景一阈值控制,0.04997752902632249,26584.264204712945,0.0010588317472420726,0.00018262134900569565,3.189687187811465e-05,6.744168394860659e-05,3.2176756152732535e-05,12.8872,0.323,4.42583870557387
情景一阈值控制,0.07496629353948374,26584.264058150602,0.0010859401478252758,0.0002774535229835822,4.8252313973437295e-05,0.00010246300834686427,4.888560073269891e-05,12.8872,0.323,4.425838681173673
情景一阈值控制,0.09995505805264499,26584.263907836103,0.0011137425532348234,0.00037471350492181285,6.488997345758451e-05,0.00013838091716989438,6.602221011207665e-05,12.8872,0.323,4.4258386561488035
情景一阈值控制,0.12494382256580623,26584.26375367342,0.0011422567248222128,0.0004744634286192028,8.181827177327986e-05,0.00017521835630022952,8.359753188327052e-05,12.8872,0.323,4.425838630483276
情景一阈值控制,0.14993258707896748,26584.263595563953,0.001171500898845468,0.0005767670892208327,9.904584470922933e-05,0.00021299888515211891,0.00010162280635765792,12.8872,0.323,4.425838604160675
情景一阈值控制,0.17492135159212874,26584.263433406548,0.0012014937864691406,0.0006816899432180498,0.00011658154240012179,0.000251746676671529,0.00012010956656558915,12.8872,0.323,4.425838577164159
情景一阈值控制,0.19991011610528997,26584.26326709747,0.0012322545737643085,0.0007892991084484668,0.00013443442932662846,0.0002914865173361428,0.00013906963825638713,12.8872,0.323,4.425838549476458
情景一阈值控制,0.2248988806184512,26584.263096530423,0.001263802921708578,0.0008996633640959627,0.00015261378431540332,0.0003322438071553606,0.0001585151398983477,12.8872,0.323,4.425838521079876
情景一阈值控制,0.24988764513161246,26584.26292159641,0.0012961589904539198,0.0010128532355859353,0.0001711291116598406,0.00037404459102193904,0.00017845849763675962,12.8872,0.323,4.425838491956266
情景一阈值控制,0.2748764096447737,26584.262742183466,0.0013293434891920523,0.0011289411690274863,0.00018999016393540016,0.00041691562313312877,0.0001989124760295429,12.8872,0.323,4.42583846208699
情景一阈值控制,0.29986517415793496,26584.262558177255,0.001363377565497283,0.0012480011441057327,0.00020920689130035213,0.0004608842240326087,0.0002198901098412593,12.8872,0.323,4.425838431453009
情景一阈值控制,0.3248539386710962,26584.262369460335,0.0013982829424490368,0.0013701091537722738,0.00022878950439239717,0.0005059784577591782,0.0002414047885616167,12.8872,0.323,4.425838400034775
情景一阈值控制,0.3498427031842575,26584.262175912067,0.0014340819326549943,0.0014953432533017941,0.000248748480757708,0.0005522271499632581,0.00026347026504893985,12.8872,0.323,4.425838367812201
情景一阈值控制,0.3748314676974187,26584.26197740863,0.0014707974382510908,0.0016237835602920627,0.00026909456485092905,0.0005996598879068899,0.00028610065553017036,12.8872,0.323,4.425838334764674
情景一阈值控制,0.39982023221057994,26584.261773823022,0.0015084529509015168,0.0017555122546639343,0.00028983876803517707,0.0006483070204637374,0.0003093104396008671,12.8872,0.323,4.42583830087105
情景一阈值控制,0.4248089967237412,26584.261565025037,0.0015470725517987176,0.001890613578661349,0.0003109923685820407,0.0006981996581190851,0.0003331144602252057,12.8872,0.323,4.4258382661096505
情景一阈值控制,0.4497977612369024,26584.2613508813,0.0015866809116633941,0.0020291738368513317,0.0003325669116715805,0.0007493696729698389,0.00035752792373597894,12.8872,0.323,4.4258382304582735
情景一阈值控制,0.4747865257500637,26584.26113125482,0.001627303368150256,0.002171281666909675,0.00035457424482515225,0.0008018497987251147,0.0003825664475453648,12.8872,0.323,4.42583819389411
情景一阈值控制,0.4997752902632249,26584.26090600532,0.0016689658676306677,0.0023170278359613927,0.0003770264912146775,0.000855673555495193,0.00040824602426136963,12.8872,0.323,4.425838156393807
情景一阈值控制,0.5247640547763862,26584.260674989153,0.0017116949776506557,0.002466505284162073,0.00039993605542605826,0.0009108752658860196,0.00043458302936659417,12.8872,0.323,4.42583811793345
情景一阈值控制,0.5497528192895474,26584.26043805875,0.0017555179948865122,0.002619809502354917,0.00042331567291160633,0.0009674901944671658,0.0004615942877590761,12.8872,0.323,4.425838078488471
情景一阈值控制,0.5747415838027087,26584.26019506258,0.0018004629451537893,0.0027770385321022103,0.0004471784099941625,0.0010255545477834492,0.0004892970737578347,12.8872,0.323,4.425838038033642
情景一阈值控制,0.5997303483158699,26584.259945845184,0.0018465585834073,0.0029382929656853185,0.0004715376638670964,0.0010851054743549332,0.0005177091111028707,12.8872,0.323,4.425837996543082
情景一阈值控制,0.6247191128290311,26584.25969024715,0.001893834393741117,0.0031036759461046887,0.0004964071625943064,0.0011461810646769272,0.0005468485729551664,12.8872,0.323,4.425837953990253
情景一阈值控制,0.6497078773421924,26584.259428105135,0.0019423205893885737,0.0032732931670798513,0.0005218009651102203,0.001208820351219987,0.0005767340818966856,12.8872,0.323,4.425837910347959
情景一阈值控制,0.6746966418553536,26584.259159251582,0.00199204816113461,0.0034472530424085935,0.0005477334833721792,0.0012730633709739049,0.0006073847397704153,12.8872,0.323,4.4258378655883055
情景一阈值控制,0.699685406368515,26584.25888351459,0.0020430489040685917,0.003625666799555478,0.0005742194945731139,0.0013389512000097554,0.0006388201441700898,12.8872,0.323,4.425837819682673
情景一阈值控制,0.7246741708816762,26584.25860071833,0.0020953553398362257,0.0038086482076684974,0.0006012741055950202,0.001406525853037011,0.0006710603405183966,12.8872,0.323,4.42583777260179
情景一阈值控制,0.7496629353948374,26584.25831068218,0.002149000877782858,0.003996314141300806,0.0006289128267865306,0.0014758304915848054,0.0007041259213912735,12.8872,0.323,4.425837724315586
情景一阈值控制,0.7746516999079986,26584.25801322067,0.0022040198209220168,0.004188784601290261,0.000657151574694781,0.001546909431712703,0.0007380380301967549,12.8872,0.323,4.425837674793183
情景一阈值控制,0.7996404644211599,26584.257708143512,0.0022604473659354127,0.0043861827147594215,0.0006860066720654104,0.0016198081440107002,0.0007728183611749723,12.8872,0.323,4.4258376240029
情景一阈值控制,0.8246292289343211,26584.257395255587,0.0023183196031729397,0.004588634735115554,0.0007154948478425612,0.0016945732535992254,0.0008084891593981537,12.8872,0.323,4.425837571912253
情景一阈值控制,0.8496179934474823,26584.25707435693,0.0023776735166526736,0.004796270042050625,0.0007456332371688791,0.0017712525401291388,0.0008450732207706236,12.8872,0.323,4.4258375184879535
情景一阈值控制,0.8746067579606436,26584.256745242394,0.0024385470527786344,0.005009221381934291,0.0007764394128177232,0.0018498950265583595,0.0008825939343845643,12.8872,0.323,4.425837463695846
情景一阈值控制,0.8995955224738048,26584.25640770166,0.002500979110140785,0.005227624832131746,0.0008079313805024116,0.0019305509659745261,0.0009210752762330455,12.8872,0.323,4.425837407500918
情景一阈值控制,0.9245842869869662,26584.256061519416,0.002565009515100677,0.005451619715595747,0.0008401275677437065,0.0020132718100540044,0.0009605417941616593,12.8872,0.323,4.4258373498673205
情景一阈值控制,0.9495730515001274,26584.255706474472,0.00263067917822729,0.00568134914812063,0.000873046895455431,0.002098110411161659,0.001001018704291308,12.8872,0.323,4.42583729075823
情景一阈值控制,0.9745618160132886,26584.255342339773,0.0026980300959968924,0.005916960044288868,0.0009067087787221768,0.0021851210245469026,0.001042531892065952,12.8872,0.323,4.425837230135847
情景一阈值控制,0.9995505805264499,26584.254968882396,0.0027671053507930393,0.006158603117471074,0.0009411331267993048,0.0022743593083437005,0.001085107912252607,12.8872,0.323,4.425837167961393
情景一阈值控制,1.0245393450396112,26584.254585863542,0.002837949110906573,0.006406432879825996,0.0009763403431129443,0.002365882323570566,0.0011287739889413477,12.8872,0.323,4.425837104195113
情景一阈值控制,1.0495281095527724,26584.25419303849,0.0029106066406536617,0.006660607677696115,0.0010123513298873992,0.0024597485472020804,0.0011735580217817898,12.8872,0.323,4.425837038796262
情景一阈值控制,1.0745168740659337,26584.253790155955,0.002985124417144426,0.006921290100095615,0.0010491875415357408,0.0025560180230226534,0.0012194886579561547,12.8872,0.323,4.425836971723007
情景一阈值控制,1.099505638579095,26584.25337695887,0.0030615499886619394,0.007188646483282442,0.0010868709198868342,0.002654752178666012,0.0012665952048879197,12.8872,0.323,4.425836902932551
情景一阈值控制,1.1244944030922561,26584.252953183397,0.0031399321545902232,0.00746284754019427,0.0011254239765113062,0.002756014058064596,0.0013149077411445558,12.8872,0.323,4.425836832380969
情景一阈值控制,1.1494831676054174,26584.252518558624,0.0032203210234055695,0.007744068563317618,0.0011648698192478157,0.0028598683963686955,0.0013644571521818146,12.8872,0.323,4.425836760023159
情景一阈值控制,1.1744719321185786,26584.25207280656,0.003302768012676539,0.00803248942468784,0.001205232152203053,0.002966381619946453,0.0014152751303437286,12.8872,0.323,4.42583668581284
情景一阈值控制,1.1994606966317398,26584.25161564214,0.0033873258490639624,0.008328294575889133,0.0012465352757517409,0.003075621846383861,0.0014673941748626104,12.8872,0.323,4.425836609702554
情景一阈值控制,1.224449461144901,26584.251146773207,0.0034740485687490036,0.008631673049552,0.0012888040867323719,0.003187658885037781,0.0015208475921228996,12.8872,0.323,4.425836531643658
情景一阈值控制,1.2494382256580623,26584.250665899934,0.0035629916300806068,0.008942818853424442,0.0013320641299496597,0.0033025643825655964,0.0015756695650940731,12.8872,0.323,4.425836451586241
情景一阈值控制,1.2744269901712235,26584.250172715267,0.003654211824933305,0.009261930660278007,0.0013763415576297387,0.0034204117084081827,0.0016318950986940071,12.8872,0.323,4.42583636947918
情景一阈值控制,1.2994157546843847,26584.249666904376,0.003747767385567895,0.009589212181734915,0.0014216631783138544,0.0035412760928434745,0.0016895600856550103,12.8872,0.323,4.425836285270064
情景一阈值控制,1.324404519197546,26584.24914814395,0.003843718110956602,0.00992487261018738,0.0014680565146292673,0.0036652347901863515,0.0017487013843872838,12.8872,0.323,4.425836198905063
情景一阈值控制,1.3493932837107072,26584.24861610222,0.003942125366783082,0.010269126618797602,0.0015155498032892538,0.00379236707878864,0.0018093568189789225,12.8872,0.323,4.425836110328947
情景一阈值控制,1.3743820482238684,26584.248070438935,0.004043052085442417,0.010622194361497772,0.0015641719950931063,0.003922754261039114,0.0018715651791959133,12.8872,0.323,4.425836019485067
情景一阈值控制,1.39937081273703,26584.247510805377,0.004146562766861339,0.010984301475859408,0.0016139527553011245,0.004056479664423128,0.0019353662209876956,12.8872,0.323,4.4258359263153695
情景一阈值控制,1.4243595772501911,26584.246936843683,0.00425272360097922,0.011355679511565256,0.0016649225196251516,0.0041936287997564065,0.0020008007419812686,12.8872,0.323,4.425835830760275
情景一阈值控制,1.4493483417633524,26584.24634818738,0.004361602372433517,0.011736565596973496,0.0017171124506426662,0.004334289238047897,0.0020679105227318618,12.8872,0.323,4.425835732758772
情景一阈值控制,1.4743371062765136,26584.24574446061,0.004473268599251976,0.012127202924300329,0.0017705545012310908,0.004478550789676688,0.0021367384122091136,12.8872,0.323,4.425835632248287
情景一阈值控制,1.4993258707896748,26584.245125277455,0.004587793661960594,0.012527841201274504,0.0018252814735999863,0.004626505671187085,0.0022073284073758173,12.8872,0.323,4.42583552916457
情景一阈值控制,1.524314635302836,26584.244490241927,0.004705250803583614,0.01293873665113731,0.0018813270192910509,0.004778248505288608,0.002279725653187918,12.8872,0.323,4.425835423441695
情景一阈值控制,1.5493033998159973,26584.24383894796,0.004825715129643529,0.013360152012642585,0.0019387256391781218,0.004933876320855999,0.0023539764425945164,12.8872,0.323,4.425835315012061
情景一阈值控制,1.5742921643291585,26584.24317097934,0.004949263623617919,0.013792356594128953,0.0019975126905327793,0.005093488572897982,0.002430128226065063,12.8872,0.323,4.425835203806374
情景一阈值控制,1.5992809288423198,26584.24248590897,0.005075975283923633,0.014235626752728419,0.002057724449634506,0.005257187319527991,0.0025082296960229553,12.8872,0.323,4.425835089753528
情景一阈值控制,1.624269693355481,26584.241783299563,0.005205930989022441,0.014690245422469266,0.0021193980501082606,0.005425077047693573,0.0025883307037001826,12.8872,0.323,4.425834972780726
情景一阈值控制,1.6492584578686422,26584.241062702295,0.005339213755718778,0.015156503017871708,0.0021825716010203133,0.005597265006872365,0.002670482418345308,12.8872,0.323,4.425834852813242
情景一阈值控制,1.6742472223818035,26584.24032365643,0.005475908801255313,0.015634697651175138,0.002247284215265639,0.0057738612892936705,0.0027547373654975707,12.8872,0.323,4.425834729774373
情景一阈值控制,1.6992359868949647,26584.239565689346,0.005616103543312949,0.016125135132338132,0.00231357600956792,0.005954978829938459,0.0028411494269868867,12.8872,0.323,4.425834603585436
情景一阈值控制,1.724224751408126,26584.23878831652,0.005759887600010831,0.016628128969038442,0.002381488104479541,0.0061407334065393645,0.002929773840933848,12.8872,0.323,4.425834474165764
情景一阈值控制,1.7492135159212872,26584.237991041035,0.005907352881537374,0.01714400068722384,0.002451062666262393,0.006331243757959448,0.0030206672582288054,12.8872,0.323,4.42583434143263
情景一阈值控制,1.7742022804344484,26584.23717335353,0.0060585935996090865,0.017673079864202593,0.002522342911201628,0.006526631596412427,0.003113887748362206,12.8872,0.323,4.425834205301234
情景一阈值控制,1.7991910449476096,26584.236334731933,0.006213706317281679,0.018215704302895885,0.0025953731283904604,0.006727021671813752,0.0032094948301267965,12.8872,0.323,4.425834065684658
情景一阈值控制,1.824179809460771,26584.235474640212,0.006372790180104671,0.018772220840480247,0.0026701987853951273,0.006932542070410561,0.0033075496140954363,12.8872,0.323,4.4258339224936645
情景一阈值控制,1.8491685739739323,26584.23459252836,0.006535946918404445,0.019342985356374284,0.0027468665292984494,0.007143324217731159,0.003408114804028307,12.8872,0.323,4.425833775636684
情景一阈值控制,1.8741573384870935,26584.23368783239,0.006703280847284249,0.019928362772238688,0.002825424186699836,0.007359502878585033,0.0035112546968729167,12.8872,0.323,4.425833625019822
情景一阈值控制,1.8991461030002548,26584.232759974093,0.006874898913713654,0.020528727216708398,0.002905920785236848,0.007581216217898083,0.003617035211788893,12.8872,0.323,4.425833470546817
情景一阈值控制,1.924134867513416,26584.231808360422,0.007050910807627457,0.021144462414048656,0.002988406604354285,0.007808605944242508,0.0037255239586267796,12.8872,0.323,4.425833312118937
情景一阈值控制,1.9491236320265772,26584.23083238385,0.007231428897855936,0.021775961460021035,0.0030729331460298552,0.008041817227064579,0.0038367901984370147,12.8872,0.323,4.425833149635039
情景一阈值控制,1.9741123965397385,26584.229831420667,0.007416568548266795,0.022423627927835546,0.0031595532792781347,0.008280999105110471,0.003950905038331879,12.8872,0.323,4.425832982991284
情景一阈值控制,1.9991011610528997,26584.22880483082,0.007606448142755367,0.023087875955573392,0.00324832125157264,0.008526304518711288,0.004067941446888841,12.8872,0.323,4.425832812081115
情景一阈值控制,2.024089925566061,26584.22775195793,0.007801189085244622,0.02376913024618696,0.0033392926888458296,0.008777890309783062,0.004187974254150559,12.8872,0.323,4.425832636795256
情景一阈值控制,2.0490786900792224,26584.226672129083,0.00800091583966238,0.02446782620735151,0.003432524613759163,0.009035917273473696,0.004311080176265885,12.8872,0.323,4.425832457021678
情景一阈值控制,2.0740674545923836,26584.225564654083,0.008205756065357703,0.025184410425191373,0.003528075507584241,0.009300550333109064,0.0044373378989575,12.8872,0.323,4.425832272645474
情景一阈值控制,2.099056219105545,26584.22442882584,0.008415840546066833,0.02591934041578273,0.003626005277744875,0.009571958448423495,0.00456682803373824,12.8872,0.323,4.425832083548926
情景一阈值控制,2.124044983618706,26584.223263918488,0.0086313035401006,0.026673085850207237,0.003726375417871263,0.009850315067969533,0.00469963333375799,12.8872,0.323,4.425831889611189
情景一阈值控制,2.1490337481318673,26584.222069187166,0.008852282816750061,0.02744612868190928,0.003829249024438576,0.010135798176150707,0.004835838716243247,12.8872,0.323,4.425831690708255
情景一阈值控制,2.1740225126450285,26584.220843868035,0.009078919656286516,0.02823896314669595,0.003934690796766958,0.01042859029322152,0.00497553126249712,12.8872,0.323,4.425831486712959
情景一阈值控制,2.19901127715819,26584.219587177944,0.00931135891337803,0.029052095984586485,0.0040427670660021986,0.01072887855721598,0.005118800256987832,12.8872,0.323,4.425831277494919
情景一阈值控制,2.224000041671351,26584.21829831379,0.009549749127946617,0.029886046827624437,0.004153545845770948,0.011036854867165841,0.005265737255678828,12.8872,0.323,4.425831062920432
情景一阈值控制,2.2489888061845122,26584.216976452564,0.009794242526709842,0.03074134820527015,0.004267096832893373,0.011352715885092013,0.005416436086978908,12.8872,0.323,4.425830842852481
情景一阈值控制,2.2739775706976735,26584.21562074938,0.01004499537986008,0.03161854679216609,0.004383491570393298,0.011676663496801722,0.005570993071590777,12.8872,0.323,4.425830617150404
情景一阈值控制,2.2989663352108347,26584.214230337395,0.010302168020298479,0.03251820347542277,0.004502803456288265,0.012008904836737045,0.00572950703436642,12.8872,0.323,4.425830385669888
情景一阈值控制,2.323955099723996,26584.212804327795,0.01056592484363496,0.033440893354618764,0.00462510774358953,0.012349652287974923,0.005892079304307092,12.8872,0.323,4.425830148262961
情景一阈值控制,2.348943864237157,26584.21134180904,0.010836434448774227,0.03438720623361225,0.004750481604545531,0.012699123663852148,0.006058813801217495,12.8872,0.323,4.425829904777866
情景一阈值控制,2.3739326287503184,26584.209841846925,0.011113869628837258,0.03535774658878431,0.004879004126488744,0.013057542196237651,0.006229817030110431,12.8872,0.323,4.425829655059072
情景一阈值控制,2.3989213932634796,26584.208303483294,0.011398407604618225,0.036353134385737354,0.005010756418532239,0.013425136837137568,0.0064051982251040395,12.8872,0.323,4.425829398947063
情景一阈值控制,2.423910157776641,26584.206725734686,0.011690230277396256,0.03737400596370377,0.005145821727103465,0.013802142585305486,0.006585069505249147,12.8872,0.323,4.42582913627811
情景一阈值控制,2.448898922289802,26584.205107592345,0.011989524229030598,0.03842101403587883,0.005284285435987742,0.014188800486365387,0.0067695458745879195,12.8872,0.323,4.425828866884271
情景一阈值控制,2.4738876868029633,26584.20344802202,0.012296480754496141,0.03949482780323964,0.005426235081195795,0.014585357674844769,0.006958745242208065,12.8872,0.323,4.42582859059336
情景一阈值控制,2.4988764513161246,26584.201745963,0.012611296044931984,0.040596133594906054,0.005571760434606765,0.014992067610658572,0.007152788535070485,12.8872,0.323,4.4258283072287865
情景一阈值控制,2.523865215829286,26584.200000328336,0.012934171143043908,0.04172563471212595,0.0057209534835915505,0.01540919002149328,0.0073517996705204265,12.8872,0.323,4.425828016609591
情景一阈值控制,2.548853980342447,26584.198210002392,0.013265312397860926,0.042884053019146134,0.005873908638830135,0.01583699149031223,0.007555905836589143,12.8872,0.323,4.42582771855004
情景一阈值控制,2.5738427448556083,26584.196373840503,0.013604931528674378,0.044072129166890114,0.006030722763530158,0.01627574553795936,0.007765237531404538,12.8872,0.323,4.425827412859564
情景一阈值控制,2.5988315093687695,26584.194490668953,0.013953245626341733,0.04529062259751926,0.006191495174022693,0.016725732624843604,0.007979928563994805,12.8872,0.323,4.4258270993427615
情景一阈值控制,2.6238202738819307,26584.192559283983,0.01431047733918063,0.04654031219474796,0.00635632772470576,0.01718724039109897,0.008200116168869964,12.8872,0.323,4.425826777799224
情景一阈值控制,2.648809038395092,26584.190578451988,0.014676854837138185,0.04782199615850071,0.006525324791668958,0.017660563610295613,0.008425940983937195,12.8872,0.323,4.425826448023577
情景一阈值控制,2.673797802908253,26584.18854690735,0.01505261220840014,0.049136493392367406,0.006698593453935366,0.018146004701824238,0.008657547294961931,12.8872,0.323,4.425826109805118
情景一阈值控制,2.6987865674214144,26584.18646335128,0.015437989678885482,0.050484644271461133,0.0068762435937628295,0.018643874014464348,0.008895083170859651,12.8872,0.323,4.4258257629276185
情景一阈值控制,2.7237753319345757,26584.184326451807,0.015833233612246447,0.05186731064241816,0.007058387896643956,0.019154489826384243,0.00913870046369588,12.8872,0.323,4.425825407169327
情景一阈值控制,2.748764096447737,26584.182134843075,0.016238596637227192,0.05328537626893898,0.007245141909501369,0.019678178509678432,0.009388554887187787,12.8872,0.323,4.4258250423028525
情景一阈值控制,2.773752860960898,26584.17988712491,0.01665433773176254,0.05473974712599711,0.007436624079112909,0.02021527463901827,0.009644806068541949,12.8872,0.323,4.425824668095088
情景一阈值控制,2.79874162547406,26584.177581861393,0.017080722483047123,0.05623135230963798,0.007632955870956449,0.020766121327638856,0.009907617708755314,12.8872,0.323,4.42582428430698
情景一阈值控制,2.823730389987221,26584.175217578857,0.01751802346399245,0.05776114535394022,0.007834261941233845,0.021331070713690045,0.010177157814655662,12.8872,0.323,4.4258238906931835
情景一阈值控制,2.8487191545003823,26584.172792765832,0.01796652023679926,0.05933010424351264,0.008040670138503302,0.021910483964851606,0.010453598701103494,12.8872,0.323,4.425823487002065
情景一阈值控制,2.8737079190135435,26584.17030587246,0.01842649946350634,0.0609392318002301,0.008252311554192834,0.02250473142115392,0.010737117059132517,12.8872,0.323,4.4258230729756
情景一阈值控制,2.8986966835267047,26584.16775530979,0.018898255037911434,0.06258955614474118,0.008469320582876822,0.02311419276541185,0.01102789403726444,12.8872,0.323,4.425822648349253
情景一阈值控制,2.923685448039866,26584.165139448472,0.019382088327318553,0.06428213154217352,0.008691835032745562,0.02373925733554192,0.011326115390517043,12.8872,0.323,4.425822212851766
情景一阈值控制,2.948674212553027,26584.16245661631,0.019878308620961224,0.06601803997085695,0.008919996330510627,0.02438032470388854,0.01163197175680354,12.8872,0.323,4.425821766204744
情景一阈值控制,2.9736629770661884,26584.15970509823,0.02038723313962684,0.06779839115599252,0.00915394952580262,0.025037804689657862,0.011945658662864827,12.8872,0.323,4.425821308122658
情景一阈值控制,2.9986517415793497,26584.15688313557,0.02090918716804749,0.06962432303279993,0.009393843351664176,0.02571211752995723,0.01226737660587324,12.8872,0.323,4.425820838312717
情景一阈值控制,3.023640506092511,26584.153988925373,0.02144450418184073,0.07149700219060612,0.009639830282550551,0.02640369404379608,0.012597331131678186,12.8872,0.323,4.425820356474762
情景一阈值控制,3.048629270605672,26584.151020618596,0.021993526181320226,0.07341762504061787,0.009892066686864131,0.02711297606334203,0.012935733040560522,12.8872,0.323,4.425819862300956
情景一阈值控制,3.0736180351188334,26584.147976317716,0.02255660413297503,0.07538741936035619,0.010150713028683242,0.027840417004277192,0.013282798659352333,12.8872,0.323,4.425819355475393
情景一阈值控制,3.0986067996319946,26584.144854076705,0.023134097974957763,0.07740764431285556,0.010415933870269891,0.02858648187288848,0.013638749844819758,12.8872,0.323,4.425818835674092
情景一阈值控制,3.123595564145156,26584.14165189993,0.023726376822793774,0.07947959116630643,0.010687897966062752,0.02935164753183006,0.014003814110459537,12.8872,0.323,4.425818302564815
情景一阈值控制,3.148584328658317,26584.138367741787,0.024333819030165422,0.08160458350670836,0.010966778290449432,0.03013640277865571,0.014378224663967196,12.8872,0.323,4.425817755806999
情景一阈值控制,3.1735730931714783,26584.13499950374,0.024956812744651974,0.08378397918202476,0.011252752291704759,0.030941249063791105,0.014762220749785117,12.8872,0.323,4.425817195051275
情景一阈值控制,3.1985618576846395,26584.131545032553,0.025595756230228073,0.08601917143038709,0.011546002039350455,0.031766700907177314,0.015156047847885186,12.8872,0.323,4.425816619939164
情景一阈值控制,3.2235506221978008,26584.12800212016,0.02625105789025085,0.08831158896051192,0.01184671423465843,0.032613285927968624,0.015559957687937758,12.8872,0.323,4.425816030103062
情景一阈值控制,3.248539386710962,26584.124368502242,0.026923136535775945,0.09066269689037036,0.012155080333248485,0.03348154519118122,0.015974208414699455,12.8872,0.323,4.425815425165994
情景一阈值控制,3.273528151224123,26584.120641857724,0.027612421472708634,0.0930739970520784,0.01247129658491032,0.03437203332028855,0.01639906464173294,12.8872,0.323,4.425814804741543
情景一阈值控制,3.2985169157372844,26584.1168198048,0.02831935324105426,0.09554703057803698,0.012795564371388384,0.035285319452277454,0.016834797907068853,12.8872,0.323,4.425814168433174
情景一阈值控制,3.3235056802504457,26584.11289990017,0.029044383754756944,0.09808337839013463,0.013128090270277757,0.036221987418309703,0.01728168675940034,12.8872,0.323,4.425813515834122
情景一阈值控制,3.348494444763607,26584.108879638407,0.029787976417694463,0.1006846616055403,0.013469086108023987,0.03718263589358042,0.0177400168295812,12.8872,0.323,4.425812846527272
情景一阈值控制,3.373483209276768,26584.10475645076,0.030550606347794718,0.10335254232075723,0.01381876906232384,0.03816787868686758,0.018210080968771383,12.8872,0.323,4.4258121600849725
情景一阈值控制,3.3984719737899294,26584.10052770293,0.03133276078545162,0.10608872504039946,0.014177361848741788,0.03917834526817618,0.01869217950017859,12.8872,0.323,4.4258114560686534
情景一阈值控制,3.4234607383030906,26584.096190691762,0.03213493970561103,0.1088949588184761,0.014545093000385891,0.04021468155951004,0.019186620596339354,12.8872,0.323,4.425810734028286
情景一阈值控制,3.448449502816252,26584.09174264508,0.03295765585195117,0.11177303737796664,0.014922196883525404,0.04127754997903074,0.019693720300187484,12.8872,0.323,4.425809993502348
情景一阈值控制,3.473438267329413,26584.087180720075,0.03380143503026999,0.11472480013720782,0.01530891383164247,0.04236762982010016,0.020213802705897118,12.8872,0.323,4.42580923401756
情景一阈值控制,3.4984270318425743,26584.08250200254,0.034666816252111696,0.11775213271236233,0.01570549021105735,0.043485617436841095,0.020747200047414576,12.8872,0.323,4.425808455088755
情景一阈值控制,3.5234157963557355,26584.077703502215,0.03555435259689708,0.1208569699334481,0.01611217881485313,0.044632227357950624,0.021294253229864175,12.8872,0.323,4.425807656218104
情景一阈值控制,3.5484045608688968,26584.072782151743,0.036464611403456096,0.1240412965143868,0.016529238950390306,0.04580819253414762,0.021855311947606607,12.8872,0.323,4.4258068368949415
情景一阈值控制,3.573393325382058,26584.067734805678,0.03739817445166946,0.12730714768845935,0.01695693652230055,0.04701426457284511,0.022430734796202317,12.8872,0.323,4.425805996595605
情景一阈值控制,3.5983820898952192,26584.06255823928,0.03835563819127784,0.13065661000878975,0.0173955441370307,0.04825121403376736,0.023020889413451776,12.8872,0.323,4.425805134783228
情景一阈值控制,3.623370854408381,26584.05724914479,0.03933761442419954,0.13409182373533382,0.017845341414605958,0.049519831310459776,0.023626152899968247,12.8872,0.323,4.425804250907124
情景一阈值控制,3.648359618921542,26584.05180412848,0.04034473085367674,0.13761498475599115,0.018306615239543036,0.05082092733975158,0.024246912157665813,12.8872,0.323,4.425803344402293
情景一阈值控制,3.6733483834347034,26584.046219710155,0.04137763117701614,0.14122834491104982,0.018779659803224175,0.05215533372157254,0.02488356394692456,12.8872,0.323,4.42580241468934
情景一阈值控制,3.6983371479478646,26584.040492321405,0.04243697540583507,0.14493421311355778,0.01926477675021877,0.05352390313270386,0.025536515083993124,12.8872,0.323,4.425801461174185
情景一阈值控制,3.723325912461026,26584.03461830299,0.04352344035229288,0.14873495705034587,0.0197622754004496,0.054927509954962365,0.026206182740698435,12.8872,0.323,4.425800483247624
情景一阈值控制,3.748314676974187,26584.02859390025,0.04463772047674026,0.15263300614741768,0.020272473136494648,0.056367051370312816,0.026892994966929158,12.8872,0.323,4.425799480284569
情景一阈值控制,3.7733034414873483,26584.0224152626,0.04578052798304641,0.15663085190344234,0.02079569544714294,0.05784344748402614,0.027597390749395035,12.8872,0.323,4.4257984516439635
情景一阈值控制,3.7982922060005095,26584.016078441604,0.04695259317110636,0.160731049122993,0.021332276088456198,0.05935764178011179,0.028319820228915958,12.8872,0.323,4.425797396668455
情景一阈值控制,3.8232809705136708,26584.00957938886,0.04815466483199905,0.164936217298978,0.021882557264320562,0.060910601631846736,0.029060744943997772,12.8872,0.323,4.425796314684054
情景一阈值控制,3.848269735026832,26584.002913950408,0.049387511280160355,0.16924904422357348,0.02244689009805745,0.0625033196352853,0.029820638467056345,12.8872,0.323,4.4257952049991935
情景一阈值控制,3.8732584995399932,26583.99607786591,0.0506519205057425,0.1736722865212373,0.02302563470203785,0.06413681380610017,0.03059998649833139,12.8872,0.323,4.425794066904601
情景一阈值控制,3.8982472640531545,26583.989066766662,0.051948700540531294,0.1782087709288681,0.023619160344870518,0.0658121280523424,0.03139928709144253,12.8872,0.323,4.425792899672957
情景一阈值控制,3.9232360285663157,26583.981876173515,0.05327867984581798,0.18286139565276135,0.024227845628623148,0.06753033267556253,0.032219050892476654,12.8872,0.323,4.4257917025585565
情景一阈值控制,3.948224793079477,26583.97450149065,0.05464270846017815,0.1876331343839897,0.02485207901325238,0.06929252585368209,0.03305980184747313,12.8872,0.323,4.425790474796276
情景一阈值控制,3.973213557592638,26583.96693800444,0.05604165821279645,0.1925270370447002,0.025492258914073276,0.07109983391659969,0.03392207733391683,12.8872,0.323,4.425789215601371
情景一阈值控制,3.9982023221057994,26583.959180881368,0.05747642310723371,0.19754623113073072,0.026148793877102575,0.07295341184201644,0.03480642839729882,12.8872,0.323,4.4257879241691445
情景一阈值控制,4.023191086618961,26583.9512251656,0.05894791976839088,0.20269392327530744,0.026822102783278463,0.07485444383290617,0.03571342002663026,12.8872,0.323,4.42578659967453
情景一阈值控制,4.048179851132122,26583.94306577235,0.06045708867563303,0.20797340356301267,0.027512615411883014,0.07680414491065479,0.03664363191453692,12.8872,0.323,4.425785241270995
情景一阈值控制,4.073168615645283,26583.934697486515,0.06200489440681023,0.21338804638347494,0.02822077255203647,0.07880376123032629,0.037597658607674125,12.8872,0.323,4.425783848090313
情景一阈值控制,4.098157380158445,26583.926114960475,0.06359232605268368,0.21894131188126187,0.028947026192047868,0.08085457061610499,0.03857610976218892,12.8872,0.323,4.425782419242193
情景一阈值控制,4.123146144671606,26583.91731271092,0.06522039780010944,0.22463674799614106,0.029691839785873576,0.08295788331475985,0.03957961050320151,12.8872,0.323,4.425780953813754
情景一阈值控制,4.148134909184767,26583.90828511194,0.06689015021090704,0.23047799493710128,0.030455688837438412,0.08511504364789109,0.04060880221310017,12.8872,0.323,4.425779450868377
情景一阈值控制,4.173123673697928,26583.899026393683,0.06860265046713097,0.23646878604042593,0.031239061012700707,0.08732743032881493,0.04166434268272853,12.8872,0.323,4.425777909445477
情景一阈值控制,4.19811243821109,26583.889530639928,0.07035899282718493,0.24261294936545674,0.03204245634804933,0.0895964570518758,0.04274690639254929,12.8872,0.323,4.425776328560102
情景一阈值控制,4.2231012027242505,26583.87979178354,0.07216029945718178,0.24891441060308728,0.03286638763015417,0.09192357356654693,0.04385718502510287,12.8872,0.323,4.425774707202173
情景一阈值控制,4.248089967237412,26583.86980359992,0.07400772165158633,0.2553771973461073,0.03371138095368148,0.09431026725445964,0.044995888217415736,12.8872,0.323,4.425773044335398
情景一阈值控制,4.273078731750573,26583.859559705536,0.07590244009612222,0.26200544000899023,0.03457797584141578,0.096758063469079,0.04616374372306131,12.8872,0.323,4.425771338897026
情景一阈值控制,4.298067496263735,26583.84905355521,0.07784566537666783,0.26880337360834294,0.035466725476771876,0.09926852619322009,0.047361497725864225,12.8872,0.323,4.425769589797393
情景一阈值控制,4.323056260776895,26583.838278435585,0.07983863918310384,0.2757753419745302,0.03637819725383487,0.10184325959439224,0.04858991558196261,12.8872,0.323,4.425767795918837
情景一阈值控制,4.348045025290057,26583.827227459828,0.08188263529200743,0.28292580118959126,0.03731297322635448,0.10448390929441452,0.04984978242554783,12.8872,0.323,4.425765956114813
情景一阈值控制,4.373033789803218,26583.81589356552,0.08397895995321347,0.2902593209396679,0.038271650284363246,0.10719216286886438,0.05114190340715389,12.8872,0.323,4.425764069209548
情景一阈值控制,4.39802255431638,26583.804269511595,0.08612895246007485,0.2977805865101513,0.039254840414725586,0.10996975058388152,0.05246710404519014,12.8872,0.323,4.425762133997522
情景一阈值控制,4.42301131882954,26583.792347869465,0.08833398678860475,0.30549440452018484,0.04026317145006281,0.11281844751390763,0.0538262312363252,12.8872,0.323,4.425760149242001
情景一阈值控制,4.448000083342702,26583.780121019783,0.09059547219495023,0.31340570501292253,0.04129728734173834,0.11574007431361454,0.05522015362377768,12.8872,0.323,4.425758113674488
情景一阈值控制,4.472988847855863,26583.76758114962,0.09291485374104566,0.3215195432946372,0.0423578484000251,0.11873649789708308,0.056649761921355735,12.8872,0.323,4.425756025994261
情景一阈值控制,4.4979776123690245,26583.754720247038,0.09529361329529526,0.3298411034356808,0.04344553175131461,0.12180963273070038,0.0581159695303046,12.8872,0.323,4.425753884867465
情景一阈值控制,4.522966376882185,26583.741530092433,0.09773327113354835,0.33837570387149063,0.04456103206960128,0.12496144290159984,0.05961971352616949,12.8872,0.323,4.425751688925673
情景一阈值控制,4.547955141395347,26583.72800225631,0.10023538635422712,0.34712879885496123,0.045705061766152265,0.12819394265401893,0.06116195491469441,12.8872,0.323,4.425749436765513
情景一阈值控制,4.572943905908508,26583.71412809559,0.10280155755620711,0.3561059808281857,0.04687835129922529,0.1315091972651786,0.06274367904970854,12.8872,0.323,4.425747126948057
情景一阈值控制,4.597932670421669,26583.699898744475,0.10543342453291828,0.3653129863493204,0.048081649948099776,0.13490932523406177,0.06436589667740318,12.8872,0.323,4.425744757997296
情景一阈值控制,4.62292143493483,26583.685305108942,0.10813266928629735,0.3747556996399301,0.04931572627634911,0.13839649959144068,0.06602964456135205,12.8872,0.323,4.425742328399226
情景一阈值控制,4.647910199447992,26583.6703378637,0.11090101659409846,0.3844401545698853,0.050581368391039355,0.14197294863289528,0.06773598583223805,12.8872,0.323,4.425739836601341
情景一阈值控制,4.672898963961153,26583.65498744608,0.11374023513620712,0.3943725385979457,0.051879384457335705,0.1456409573740625,0.06948601068215977,12.8872,0.323,4.4257372810116165
情景一阈值控制,4.697887728474314,26583.6392440458,0.11665213938981962,0.40455919940212587,0.05321060356440395,0.14940286999921648,0.07128083753286102,12.8872,0.323,4.4257346599968015
情景一阈值控制,4.722876492987475,26583.623097602005,0.1196385901754909,0.4150066467901425,0.05457587597489596,0.1532610905667928,0.07312161337233983,12.8872,0.323,4.425731971881932
情景一阈值控制,4.747865257500637,26583.606537798794,0.12270149548512195,0.4257215555964074,0.05597607350324802,0.157218084079242,0.07500951426528088,12.8872,0.323,4.425729214949582
情景一阈值控制,4.772854022013798,26583.589554054153,0.12584281252825535,0.4367107728411582,0.0574120904506244,0.16127637912688153,0.07694574661445011,12.8872,0.323,4.4257263874380195
情景一阈值控制,4.797842786526959,26583.572135514238,0.12906454878918466,0.4479813214288571,0.05888484408790517,0.1654385692537067,0.07893154781232976,12.8872,0.323,4.425723487540262
情景一阈值控制,4.822831551040121,26583.55427104954,0.13236876273846016,0.4595404026376853,0.06039527498076397,0.169707313876756,0.0809681866797521,12.8872,0.323,4.425720513403431
情景一阈值控制,4.847820315553282,26583.535949245856,0.13575756549858292,0.471395401947262,0.061944347750712093,0.17408534043827528,0.08305696449270739,12.8872,0.323,4.425717463127249
情景一阈值控制,4.872809080066443,26583.517158394287,0.13923312269700483,0.4835538955215459,0.06353305192172419,0.17857544679984008,0.08519921612459133,12.8872,0.323,4.425714334762381
情景一阈值控制,4.897797844579604,26583.49788648754,0.14279765514933956,0.4960236525993012,0.06516240223238914,0.18318050212514952,0.08739631046739037,12.8872,0.323,4.425711126309812
情景一阈值控制,4.922786609092766,26583.478121213153,0.1464534401120553,0.5088126398770519,0.06683343920825162,0.18790344849864232,0.08964965120393124,12.8872,0.323,4.425707835719719
情景一阈值控制,4.947775373605927,26583.457849940256,0.15020281372988853,0.5219290300716745,0.06854723028001995,0.19274730408764443,0.09196067831655705,12.8872,0.323,4.425704460889274
情景一阈值控制,4.972764138119088,26583.437059715143,0.15404817185703548,0.5353812047935566,0.07030487015876029,0.19771516420342042,0.09433086859336008,12.8872,0.323,4.425700999661899
情景一阈值控制,4.997752902632249,26583.415737255385,0.15799197114312652,0.5491777583464003,0.0721074813320623,0.20281020270443317,0.09676173629768374,12.8872,0.323,4.425697449826291
情景一阈值控制,5.022741667145411,26583.393868935986,0.162036731595507,0.5633275066918089,0.07395621523472556,0.20803567530694692,0.09925483474762754,12.8872,0.323,4.4256938091141125
情景一阈值控制,5.047730431658572,26583.37144078257,0.1661850378392763,0.5778394918578063,0.07585225282446036,0.21339492121308432,0.10181175709280091,12.8872,0.323,4.425690075198864
情景一阈值控制,5.072719196171733,26583.348438465953,0.17043954011891915,0.5927229854436246,0.07779680503951555,0.21889136440513723,0.10443413693184536,12.8872,0.323,4.4256862456949735
情景一阈值控制,5.097707960684894,26583.32484728881,0.17480295676566418,0.6079874972523633,0.07979111392599136,0.22452851683358976,0.10712364983345564,12.8872,0.323,4.42568231815558
情景一阈值控制,5.122696725198056,26583.300652175887,0.17927807600987994,0.6236427816320435,0.0818364534659067,0.23030998075885628,0.1098820144536345,12.8872,0.323,4.425678290070905
情景一阈值控制,5.1476854897112165,26583.27583766879,0.18386775693903232,0.6396988408276386,0.08393413001487195,0.2362394499891798,0.11271099312629994,12.8872,0.323,4.4256741588673805
情景一阈值控制,5.172674254224378,26583.25038791325,0.18857493185661428,0.6561659332345686,0.08608548337985628,0.24232071292862967,0.11561239331749978,12.8872,0.323,4.425669921905535
情景一阈值控制,5.197663018737539,26583.224286646608,0.19340260859789926,0.673054581500912,0.08829188787723305,0.24855765556923187,0.11858806905297174,12.8872,0.323,4.425665576477906
情景一阈值控制,5.222651783250701,26583.197517192446,0.19835387151845227,0.6903755759863746,0.090554752784411,0.25495426276835886,0.12163992152759216,12.8872,0.323,4.425661119808147
情景一阈值控制,5.2476405477638615,26583.170062448222,0.20343188378545882,0.7081399827794655,0.09287552338671075,0.26151462120945634,0.12476990051795328,12.8872,0.323,4.425656549048968
情景一阈值控制,5.272629312277023,26583.14190487048,0.20863989010893982,0.7263591532533968,0.09525568222522766,0.2682429229310165,0.12798000606605361,12.8872,0.323,4.425651861279675
情景一阈值控制,5.297618076790184,26583.113026469055,0.21398121781509863,0.7450447278219275,0.0976967495872224,0.27514346671360385,0.13127228914105468,12.8872,0.323,4.425647053505203
情景一阈值控制,5.322606841303346,26583.0834087946,0.2194592791528039,0.7642086440097584,0.10020028455991624,0.282220661060235,0.1346488530612347,12.8872,0.323,4.425642122654043
情景一阈值控制,5.347595605816506,26583.05303292207,0.22507757434789752,0.783863147138986,0.10276788642596836,0.2894790281428642,0.1381118553768761,12.8872,0.323,4.425637065575491
情景一阈值控制,5.372584370329668,26583.021879444328,0.2308396927865992,0.8040207944701057,0.10540119520414837,0.29692320533164646,0.14166350859988447,12.8872,0.323,4.425631879038578
情景一阈值控制,5.397573134842829,26582.989928459,0.23674931544356895,0.8246944636979849,0.10810189275867521,0.30455794833248356,0.14530608170072698,12.8872,0.323,4.425626559729889
情景一阈值控制,5.4225618993559905,26582.95715955067,0.24281021817599657,0.845897364477419,0.11087170430424384,0.3123881354433874,0.1490419021391641,12.8872,0.323,4.425621104250599
情景一阈值控制,5.447550663869151,26582.923551783882,0.2490262730191187,0.8676430429565337,0.11371239899791753,0.320418769228656,0.15287335666300714,12.8872,0.323,4.4256155091153
情景一阈值控制,5.472539428382313,26582.88908368867,0.25540145085980387,0.8899453911319986,0.11662579116063827,0.32865497997373466,0.15680289295644945,12.8872,0.323,4.425609770749599
情景一阈值控制,5.497528192895474,26582.853733241915,0.26193982488456574,0.9128186589133122,0.1196137418525747,0.3371020301405314,0.16083302176571876,12.8872,0.323,4.425603885487012
情景一阈值控制,5.5225169574086355,26582.81747785974,0.26864557198544303,0.9362774590425484,0.12267815951543362,0.3457653161842685,0.16496631776590648,12.8872,0.323,4.4255978495677
情景一阈值控制,5.547505721921796,26582.780294380984,0.2755229758185571,0.9603367777967379,0.125821001369854,0.3546503725058502,0.1692054214466611,12.8872,0.323,4.425591659135713
情景一阈值控制,5.572494486434958,26582.742159048306,0.2825764302944517,0.9850119872004468,0.12904427501008886,0.3637628759619424,0.17355304126396948,12.8872,0.323,4.4255853102358484
情景一阈值控制,5.59748325094812,26582.703047499857,0.28981044112093485,1.010318850425013,0.1323500391088863,0.37310864785889936,0.17801195459146887,12.8872,0.323,4.425578798812262
情景一阈值控制,5.62247201546128,26582.662934749904,0.29722962938429826,1.0362735343198701,0.13574040505367574,0.3826936585805558,0.18258500992838916,12.8872,0.323,4.425572120705246
情景一阈值控制,5.647460779974442,26582.62179517053,0.3048387349342231,1.0628926212564542,0.13921753849307295,0.39252403196215646,0.18727512898637588,12.8872,0.323,4.425565271648175
情景一阈值控制,5.672449544487603,26582.579602482045,0.3126426181554261,1.0901931153283735,0.1427836601462901,0.4026060475800663,0.19208530778192223,12.8872,0.323,4.425558247265918
情景一阈值控制,5.6974383090007645,26582.536329730323,0.32064626416004094,1.1181924570213333,0.1464410477185485,0.41294614616934316,0.19701861922111935,12.8872,0.323,4.425551043071061
情景一阈值控制,5.722427073513925,26582.491949269897,0.3288547859133789,1.1469085341506118,0.15019203732917666,0.42355093366292484,0.202078215026772,12.8872,0.323,4.425543654461092
情景一阈值控制,5.747415838027087,26582.44643275219,0.3372734264075316,1.1763596894680985,0.154039024504659,0.4344271840008923,0.20726732707871218,12.8872,0.323,4.425536076716443
情景一阈值控制,5.772404602540248,26582.3997510997,0.34590756343788925,1.2065647373762587,0.1579844663609267,0.4455818453029021,0.21258927035869618,12.8872,0.323,4.4255283049961935
情景一阈值控制,5.7973933670534095,26582.35187449092,0.35476271238958457,1.237542973678809,0.16203088287641756,0.4570220434690907,0.21804744466841394,12.8872,0.323,4.425520334335557
情景一阈值控制,5.82238213156657,26582.302772345207,0.3638445290362754,1.2693141853756658,0.16618085817074962,0.4687550857973284,0.2236453363552984,12.8872,0.323,4.425512159643366
情景一阈值控制,5.847370896079732,26582.252413294656,0.37315881474008106,1.3018986688586685,0.17043704288045947,0.48078846770286193,0.22938652151849978,12.8872,0.323,4.425503775697382
情景一阈值控制,5.872359660592893,26582.20076517122,0.3827115188325547,1.3353172382441396,0.17480215524679527,0.49312987579551176,0.23527466747703138,12.8872,0.323,4.425495177142161
情景一阈值控制,5.897348425106054,26582.14779498541,0.3925087425543556,1.3695912391602045,0.17927898291563424,0.5057871929713006,0.24131353519901036,12.8872,0.323,4.4254863584855
情景一阈值控制,5.922337189619215,26582.093468899424,0.40255674402053404,1.4047425661217383,0.18387038520600685,0.5187685048289846,0.24750698236301624,12.8872,0.323,4.425477314093968
情景一阈值控制,5.947325954132377,26582.03775221424,0.41286194061264275,1.440793670902766,0.1885792942029598,0.5320821027619641,0.2538589648332561,12.8872,0.323,4.425468038190751
情景一阈值控制,5.972314718645538,26581.980609341135,0.42343091423886203,1.4777675809443769,0.19340871716075872,0.5457364907562877,0.260373539902926,12.8872,0.323,4.425458524850921
情景一阈值控制,5.997303483158699,26581.922003779182,0.4342704154976201,1.5156879139250792,0.19836173840513538,0.5597403907714534,0.26705486886141716,12.8872,0.323,4.425448767997676
情景一阈值控制,6.02229224767186,26581.861898098403,0.4453873667905434,1.5545788886564595,0.20344152075546734,0.5741027467641538,0.2739072189140645,12.8872,0.323,4.4254387613995485
情景一阈值控制,6.047281012185022,26581.800253906473,0.4567888684820517,1.594465346638536,0.20865130833892792,0.5888327326486227,0.28093496698006665,12.8872,0.323,4.425428498664853
情景一阈值控制,6.072269776698183,26581.73703183098,0.46848220217324504,1.635372763517838,0.21399442808621003,0.6039397565280802,0.2881426017113292,12.8872,0.323,4.425417973238736
情景一阈值控制,6.097258541211344,26581.672191494283,0.4804748353569656,1.677327265379818,0.21947429185825007,0.6194334667114861,0.29553472636308714,12.8872,0.323,4.42540717839899
情景一阈值控制,6.122247305724505,26581.605691481243,0.4927744273783663,1.7203556496080479,0.22509439916944066,0.6353237594167985,0.3031160624691667,12.8872,0.323,4.425396107250684
情景一阈值控制,6.147236070237667,26581.537489322483,0.5053888325324588,1.7644853957267266,0.2308583386027569,0.6516207827750881,0.3108914517523684,12.8872,0.323,4.425384752723369
情景一阈值控制,6.1722248347508275,26581.467541459162,0.5183261065755762,1.8097446881892634,0.23676979078462373,0.6683349452463158,0.31886586013967494,12.8872,0.323,4.425373107565224
情景一阈值控制,6.197213599263989,26581.39580321773,0.5315945113937318,1.8561624327166228,0.24283253051772724,0.6854769216530484,0.3270443806409669,12.8872,0.323,4.425361164338841
情景一阈值控制,6.22220236377715,26581.322228786248,0.5452025193771806,1.9037682716098168,0.2490504287795491,0.7030576588353312,0.3354322360469896,12.8872,0.323,4.425348915417295
情景一阈值控制,6.247191128290312,26581.24677117532,0.5591588206471838,1.9525926090415786,0.2554274560240369,0.7210883849908494,0.3440347833855898,12.8872,0.323,4.425336352977632
情景一阈值控制,6.272179892803472,26581.16938219848,0.5734723266801742,2.0026666237426176,0.2619676838373081,0.739580614359936,0.3528575161569561,12.8872,0.323,4.425323468997604
情景一阈值控制,6.297168657316634,26581.09001243502,0.5881521771766643,2.0540222930432543,0.26867528807577695,0.758546156104098,0.3619060685696065,12.8872,0.323,4.4253102552494825
情景一阈值控制,6.322157421829795,26581.00861119845,0.6032077458971824,2.1066924132988323,0.27555455153237335,0.7779971218490779,0.37118621913922023,12.8872,0.323,4.425296703294811
情景一阈值控制,6.347146186342957,26580.92512651107,0.618648645357737,2.1607106163270333,0.2826098660816495,0.79794593175512,0.38070389358479123,12.8872,0.323,4.425282804480163
情景一阈值控制,6.372134950856117,26580.839505059896,0.6344847349807675,2.216111397935756,0.28984573640363975,0.818405325052257,0.3904651698550649,12.8872,0.323,4.425268549929813
情景一阈值控制,6.397123715369279,26580.751692173366,0.6507261253976574,2.2729301329848166,0.29726678194944883,0.8393883656025645,0.40047628078231645,12.8872,0.323,4.425253930541853
情景一阈值控制,6.422112479882441,26580.66163178003,0.6673831860906799,2.3312031021352477,0.3048777404325044,0.8609084517786211,0.4107436187954129,12.8872,0.323,4.425238936981316
情景一阈值控制,6.4471012443956015,26580.569266372826,0.6844665519883035,2.3909675149340806,0.31268347084166737,0.8829793249886708,0.4212737399872091,12.8872,0.323,4.425223559674232
情景一阈值控制,6.472090008908763,26580.474536979258,0.7019871289862595,2.452261529143271,0.3206889559634806,0.905615076814755,0.4320733675201857,12.8872,0.323,4.425207788802661
情景一阈值控制,6.497078773421924,26580.37738311261,0.7199561029593605,2.515124282282662,0.3288993064992809,0.9288301606614625,0.4431493971841245,12.8872,0.323,4.4251916142965655
情景一阈值控制,6.522067537935086,26580.277742745326,0.7383849446828261,2.5795959088598255,0.33731976331344754,0.9526393981188754,0.4545089004319005,12.8872,0.323,4.42517502582939
情景一阈值控制,6.547056302448246,26580.17555226046,0.7572854188094021,2.645717571794672,0.34595570153459543,0.9770579905676099,0.4661591299163041,12.8872,0.323,4.425158012809967
情景一阈值控制,6.572045066961408,26580.07074641477,0.7766695906861032,2.7135314862819513,0.3548126336697924,1.0021015279911907,0.47810752369446746,12.8872,0.323,4.42514056437638
情景一阈值控制,6.597033831474569,26579.963258300333,0.7965498334525779,2.7830809446433786,0.3638962128473556,1.027785998153887,0.490361709606655,12.8872,0.323,4.425122669389571
情景一阈值控制,6.622022595987731,26579.85301929313,0.8169388375436696,2.8544103495908253,0.37321223715810564,1.0541277988847415,0.5029295111370331,12.8872,0.323,4.425104316424781
情景一阈值控制,6.647011360500891,26579.739959021397,0.8378496165335725,2.92756523468975,0.3827666523251416,1.0811437456346717,0.5158189510192006,12.8872,0.323,4.425085493766277
情景一阈值控制,6.672000125014053,26579.624005308462,0.8592955177095923,3.0025923013745137,0.39256555653442116,1.1088510851461495,0.5290382577580592,12.8872,0.323,4.4250661893978425
情景一阈值控制,6.696988889527214,26579.50508413678,0.8812902287120931,3.079539442196331,0.4026152034681161,1.1372675040386202,0.542595869725959,12.8872,0.323,4.425046390996785
情景一阈值控制,6.7219776540403755,26579.38311959572,0.903847787186765,3.158455774617357,0.412922006714113,1.1664111412885894,0.5565004411170077,12.8872,0.323,4.425026085925245
情景一阈值控制,6.746966418553536,26579.258033832255,0.9269825898962052,3.2393916729093135,0.4234925439285608,1.1963006000097187,0.5707608475674135,12.8872,0.323,4.425005261221983
情景一阈值控制,6.771955183066698,26579.129747008592,0.950709400552413,3.32239879558099,0.4343335604139325,1.226954957581745,0.5853861909880407,12.8872,0.323,4.424983903595336
情景一阈值控制,6.796943947579859,26578.99817723984,0.9750433613328402,3.407530125694789,0.44545197438003037,1.2583937805392968,0.6003858066679361,12.8872,0.323,4.424961999412827
情景一阈值控制,6.82193271209302,26578.863240555493,1.0000000000000002,3.494839995799924,0.45685488019634085,1.2906371337796716,0.6157692676674058,12.8872,0.323,4.42493953469476
情景一阈值控制,6.846922281606259,26578.724846316036,1.0255960775914268,3.5843870535852367,0.46854993570727754,1.323706675772247,0.6315469073477631,12.8872,0.323,4.42491649435116
情景一阈值控制,6.871911851119497,26578.58291029636,1.0518471686004844,3.676225796334077,0.4805442565938526,1.357622532250295,0.6477283277944537,12.8872,0.323,4.424892864359946
情景一阈值控制,6.896901420632736,26578.437342046072,1.0787699987634427,3.7704147493678115,0.49284548453474475,1.3924063164931393,0.6643238408083956,12.8872,0.323,4.424868629662627
情景一阈值控制,6.921890990145974,26578.28804885994,1.1063817106621914,3.867013896976535,0.5054614516485221,1.4280801805742176,0.6813440152518051,12.8872,0.323,4.424843774825323
情景一阈值控制,6.946880559659213,26578.13493549621,1.1346999157839255,3.966084864691391,0.5184002042762789,1.4646668826738694,0.6987997091634558,12.8872,0.323,4.424818283991861
情景一阈值控制,6.971870129172451,26577.97790417662,1.1637426945211375,4.067690919284543,0.5316700029816323,1.5021897870793262,0.7167020697586737,12.8872,0.323,4.424792140883785
情景一阈值控制,6.99685969868569,26577.81685458636,1.1935285961716255,4.1718969687692065,0.5452793225507258,1.5406728641847216,0.7350625334293424,12.8872,0.323,4.424765328800343
情景一阈值控制,7.021849268198928,26577.651683874108,1.2240766389384845,4.278769562399613,0.5592368519922254,1.5801406904910804,0.7538928257438977,12.8872,0.323,4.424737830618499
情景一阈值控制,7.046838837712167,26577.482286652015,1.2554063099301151,4.388376890671046,0.5735514945373239,1.6206184486063306,0.7732049614473331,12.8872,0.323,4.4247096287929235
情景一阈值控制,7.071828407225405,26577.308554818737,1.2875375978546613,4.5007888998310515,0.5882323825747979,1.6621319695340533,0.7930112646373693,12.8872,0.323,4.424680705326538
情景一阈值控制,7.096817976738644,26577.130377429832,1.320491016950842,4.616077375731603,0.6032888885820517,1.7047077636399166,0.8133243835386895,12.8872,0.323,4.424651041748934
情景一阈值控制,7.121807546251882,26576.94764112758,1.3542875275817907,4.734315665716455,0.618730588851679,1.7483729179452514,0.8341572415012053,12.8872,0.323,4.424620619187934
情景一阈值控制,7.146797115765121,26576.760229452728,1.3889486633940324,4.855579123958485,0.6345673215792832,1.7931552605892047,0.8555231154657502,12.8872,0.323,4.424589418255004
情景一阈值控制,7.171786685278359,26576.568022809093,1.4244965378568297,4.97994513436254,0.650809189850718,1.8390833692867141,0.8774356399994216,12.8872,0.323,4.424557419039366
情景一阈值控制,7.196776254791598,26576.370898463552,1.4609538442621925,5.107493110565473,0.6674665616420923,1.886186571328521,0.8999088072955865,12.8872,0.323,4.424524601107992
情景一阈值控制,7.221765824304836,26576.16873054605,1.498343855724868,5.2383044959361085,0.6845500698197653,1.9344949435811576,0.9229569671738755,12.8872,0.323,4.424490943505606
情景一阈值控制,7.246755393818075,26575.9613900496,1.5366904251823508,5.372462763575277,0.7020706121403515,1.9840393124869595,0.9465948270801888,12.8872,0.323,4.4244564247546885
情景一阈值控制,7.271744963331313,26575.74874480987,1.576017989163839,5.510053429520038,0.7200393529723292,2.0348512589403582,0.9708374544131987,12.8872,0.323,4.42442102285207
情景一阈值控制,7.296734532844552,26575.530659012366,1.6163516588016467,5.651164371621703,0.738467764868272,2.0869632360488715,0.9957003327086931,12.8872,0.323,4.424384715186893
情景一阈值控制,7.32172410235779,26575.306993818394,1.6577171042071501,5.795885424517427,0.7573675757482492,2.140408419556954,1.0211992902760647,12.8872,0.323,4.424347478644818
情景一阈值控制,7.346713671871029,26575.0776068369,1.7001406520321738,5.94430872137649,0.7767508134656084,2.1952208340521886,1.0473505604119004,12.8872,0.323,4.4243092895201
情景一阈值控制,7.371703241384267,26574.842351812018,1.743649343179557,6.096528896074047,0.7966298321686034,2.251435427627632,1.07417081702175,12.8872,0.323,4.424270123463565
情景一阈值控制,7.396692810897506,26574.60107862305,1.7882709328031658,6.252643083191173,0.8170173123004001,2.3090880718818285,1.1016771746201335,12.8872,0.323,4.424229955482607
情景一阈值控制,7.421682380410744,26574.353633284478,1.8340338903078806,6.412750918014817,0.8379262605990705,2.368215561918796,1.129887188330533,12.8872,0.323,4.424188759941194
情景一阈值控制,7.446671949923983,26574.09985794597,1.8809673993496097,6.576954536537845,0.8593700100975986,2.4288556163480415,1.1588188538854023,12.8872,0.323,4.424146510559868
情景一阈值控制,7.471661519437221,26573.839590889296,1.9291013584037116,6.745358577451128,0.881362220383514,2.4910468780202337,1.1884906079771569,12.8872,0.323,4.424103180415225
情景一阈值控制,7.49665108895046,26573.57266604289,1.9784664703779948,6.918070496232517,0.9039169185299541,2.5548290300196066,1.2189213835987187,12.8872,0.323,4.424058741859107
情景一阈值控制,7.521640658463698,26573.29891345303,2.029094155601592,7.0952002602987605,0.9270484593504599,2.6202426830842014,1.250130556331162,12.8872,0.323,4.424013166597041
情景一阈值控制,7.546630227976937,26573.018158931718,2.0810166168480477,7.276860576810107,0.9507715551005046,2.6873294597336277,1.2821379844814793,12.8872,0.323,4.423966425629617
情景一阈值控制,7.571619797490175,26572.730223572213,2.1342669287957494,7.463167206169401,0.9751013163400082,2.75613211004363,1.3149640643191907,12.8872,0.323,4.4239184891718315
情景一阈值控制,7.596609367003414,26572.434923749,2.1888790380279364,7.654238962022139,1.0000532519333443,2.826694511646105,1.348629730076354,12.8872,0.323,4.423869326653085
情景一阈值控制,7.621598936516652,26572.132071117812,2.244887763032688,7.8501977112564125,1.0256432690493325,2.8990616697290843,1.3831564539475538,12.8872,0.323,4.423818906717184
情景一阈值控制,7.646588506029891,26571.821472615615,2.3023287942029387,8.05116837400297,1.0518876731612463,2.973279717036754,1.4185662460899136,12.8872,0.323,4.423767197222336
情景一阈值控制,7.671578075543129,26571.502930420185,2.361238701297553,8.257278949794348,1.0788031714545012,3.049395923529972,1.4548816592321725,12.8872,0.323,4.4237141652344265
情景一阈值控制,7.696567645056368,26571.176241392408,2.4216550363448066,8.468660878426356,1.106406919824092,3.1274588296516552,1.4921258522562546,12.8872,0.323,4.423659776934164
情景一阈值控制,7.721557214569606,26570.84119776935,2.4836162057043065,8.685448591499936,1.134716464439395,3.2075180807121306,1.5303225111817103,12.8872,0.323,4.423603997732469
情景一阈值控制,7.746546784082845,26570.497586372505,2.5471616162250235,8.907780024725168,1.1637498085015732,3.289624616081931,1.5694959394305221,12.8872,0.323,4.4235467921386595
情景一阈值控制,7.771536353596083,26570.145188311537,2.6123317299269226,9.135796809617986,1.1935254372186943,3.3738307399849985,1.6096710916028865,12.8872,0.323,4.423488123711126
情景一阈值控制,7.796525923109322,26569.783778984267,2.679168064000981,9.369644273500246,1.2240623178057408,3.4601901214987043,1.6508735734772249,12.8872,0.323,4.4234279550573365
情景一阈值控制,7.821515492622561,26569.413128076678,2.7477131908091708,9.609471439499664,1.2553798994846004,3.548757794553832,1.6931296420101731,12.8872,0.323,4.423366247833829
情景一阈值控制,7.846505062135799,26569.03299956292,2.818010737884467,9.855431026549846,1.2874981134840708,3.6395901579345815,1.736466205336587,12.8872,0.323,4.4233029627462175
情景一阈值控制,7.871494631649037,26568.643151382206,2.8901054475226333,10.107679658447005,1.3204374002544874,3.7327450524827874,1.780910859604047,12.8872,0.323,4.4232380594954
情景一阈值控制,7.896484201162276,26568.24333537443,2.9640431885981715,10.3663779055138,1.3542187148594174,3.82828177648428,1.8264918963137697,12.8872,0.323,4.423171496766836
情景一阈值控制,7.921473770675515,26567.833297456975,3.039870923974406,10.631690170186388,1.3888635120940152,3.9262610434164262,1.873238282161751,12.8872,0.323,4.423103232259989
情景一阈值控制,7.946463340188753,26567.41277670692,3.117636879841133,10.903785280885387,1.4243938238228073,4.026745201263441,1.921179763675171,12.8872,0.323,4.423033222535523
情景一阈值控制,7.971452909701991,26566.981505342323,3.1973905491592554,11.182836504097821,1.4608322605528523,4.129798236978219,1.9703468693411588,12.8872,0.323,4.4229614230121905
情景一阈值控制,7.99644247921523,26566.539208722275,3.279182691660777,11.469021544377108,1.498202011433738,4.2354857764823395,2.020770909606788,12.8872,0.323,4.422887787966839
情景一阈值控制,8.02143204872847,26566.085605346852,3.363065333848795,11.76252254434304,1.5365268442575784,4.343875084666045,2.072483976879073,12.8872,0.323,4.422812270534404
情景一阈值控制,8.046421618241707,26565.620406648322,3.4490918074917296,12.06352621979915,1.5758311230371123,4.455035115286816,2.125518969331819,12.8872,0.323,4.4227348226731475
情景一阈值控制,8.071411187754945,26565.14331662287,3.537316817437324,12.372224098014636,1.616139838967186,4.569036598966387,2.1799096328894283,12.8872,0.323,4.422655395103347
情景一阈值控制,8.096400757268185,26564.654032300477,3.6277963549928116,12.688812213692247,1.657478570870161,4.685951930912317,2.235690507658313,12.8872,0.323,4.422573937385526
情景一阈值控制,8.121390326781423,26564.152242617267,3.7205879058861777,13.01349183861244,1.6998735801663893,4.805855440374056,2.292897056485701,12.8872,0.323,4.422490397732711
情景一阈值控制,8.146379896294661,26563.637628333385,3.8157504654078678,13.3464695347686,1.7433518177888356,4.9288234102656725,2.3515656743217312,12.8872,0.323,4.422404722996765
情景一阈值控制,8.1713694658079,26563.109862032987,3.913344538410761,13.687957154366948,1.7879409241830666,5.054934077165825,2.4117336882194405,12.8872,0.323,4.422316858668386
情景一阈值控制,8.196359035321139,26562.56860812426,4.013432139310184,14.038171839826592,1.8336692293072563,5.184267631317773,2.473439357334772,12.8872,0.323,4.422226748877107
情景一阈值控制,8.221348604834377,26562.01352255689,4.116076844125392,14.397336206579924,1.880565776393694,5.316906284137188,2.5367219051348764,12.8872,0.323,4.4221343363442625
情景一阈值控制,8.246338174347615,26561.444252552577,4.221343840010165,14.765678517438682,1.9286603445557242,5.4529343326051745,2.6016215501203406,12.8872,0.323,4.422039562338121
情景一阈值控制,8.271327743860853,26560.860436870385,4.329299876403476,15.143432510911174,1.977983426485595,5.592438095866179,2.6681794755757386,12.8872,0.323,4.4219423667180635
情景一阈值控制,8.296317313374093,26560.261704639663,4.440013480135742,15.530838156351011,2.0285663266783702,5.735506194102845,2.7364379626221838,12.8872,0.323,4.421842687740281
情景一阈值控制,8.321306882887331,26559.647675310556,4.553554964545037,15.928141685967645,2.0804411655945105,5.88222956035744,2.8064403958573894,12.8872,0.323,4.421740462049542
情景一阈值控制,8.34629645240057,26559.017958654025,4.6699964294771386,16.33559559482653,2.1336408796598967,6.03270144053191,2.8782312633556963,12.8872,0.323,4.421635624679188
情景一阈值控制,8.371286021913807,26558.372154759756,4.78941176166795,16.753458642193053,2.1881992214404224,6.187017393884198,2.9518561569048676,12.8872,0.323,4.42152810905079
情景一阈值控制,8.396275591427047,26557.709853416003,4.9118767488703625,17.181996252808826,2.244150811742413,6.345275441218733,3.027361842708493,12.8872,0.323,4.421417846870901
情景一阈值控制,8.421265160940285,26557.030634518935,5.037469004326205,17.621480252017665,2.3015311051185368,6.507575967069015,3.104796214716826,12.8872,0.323,4.421304768199208
情景一阈值控制,8.446254730453523,26556.33406731783,5.166268105882427,18.072189354165747,2.3603764533915776,6.67402190006277,3.184208380679873,12.8872,0.323,4.4211888013228675
情景一阈值控制,8.471244299966761,26555.61970967638,5.298355732039356,18.534409640564068,2.4207241677704547,6.844718889432494,3.2656487463614403,12.8872,0.323,4.4210698726335185
情景一阈值控制,8.496233869480001,26554.887108072697,5.433815661950717,19.008434559488535,2.4826125188502295,7.019775305015486,3.3491690155391454,12.8872,0.323,4.4209479066272985
情景一阈值控制,8.521223438993239,26554.1357975993,5.572733775423592,19.494564926179805,2.5460807366120877,7.199302237253788,3.4348221900043914,12.8872,0.323,4.420822825904828
情景一阈值控制,8.546213008506477,26553.36530172985,5.715198095820082,19.99310907379213,2.611169030006234,7.38341355293928,3.522662596158621,12.8872,0.323,4.4206945511323825
情景一阈值控制,8.571202578019715,26552.5751318422,5.861298877576921,20.504383161979586,2.6779186268873794,7.57222600917393,3.6127459393843107,12.8872,0.323,4.420563000962485
情景一阈值控制,8.596192147532955,26551.76478754925,6.011128545375978,21.028710962840112,2.746371746248881,7.765859174319372,3.7051292663296254,12.8872,0.323,4.420428092088989
情景一阈值控制,8.621181717046193,26550.933755256494,6.164781959655656,21.566424794227032,2.8165717194366566,7.964435772666919,3.7998711293521623,12.8872,0.323,4.420289739006934
情景一阈值控制,8.646171286559431,26550.081508056883,6.322356435959123,22.117865587786827,2.88856299898169,8.168081709563753,3.8970315985067816,12.8872,0.323,4.420147853995045
情景一阈值控制,8.67116085607267,26549.20750573082,6.483951744934272,22.68338288895897,2.9623911586000116,8.376926071412877,3.996672261545581,12.8872,0.323,4.420002347115726
情景一阈值控制,8.696150425585909,26548.311194641716,6.649670131525938,23.263334924562717,3.0381029019518886,8.59110115063277,4.098856235826269,12.8872,0.323,4.419853126197672
情景一阈值控制,8.721139995099147,26547.392007009374,6.819616448289964,23.85808907293659,3.115746123471379,8.810742619278928,4.203648251147849,12.8872,0.323,4.419700096714908
情景一阈值控制,8.746129564612385,26546.449361468625,6.993898052617396,24.46802150248638,3.1953698614498403,9.035989395560378,4.3111145860649955,12.8872,0.323,4.419543161879783
情景一阈值控制,8.771119134125623,26545.48266147667,7.172625099710783,25.09351820219953,3.2770244317737918,9.266984024406511,4.421323249458349,12.8872,0.323,4.419382222377824
情景一阈值控制,8.796108703638863,26544.491295012947,7.355910597767596,25.73497517585042,3.360761453112901,9.503872749186678,4.534344014752284,12.8872,0.323,4.419217176317765
情景一阈值控制,8.821098273152101,26543.474634579114,7.543870407980177,26.39279844200017,3.44663384691996,9.746805511710123,4.650248419914872,12.8872,0.323,4.419047919231549
情景一阈值控制,8.846087842665339,26542.43203710123,7.7366232624897755,27.06740409729594,3.5346958456233972,9.995935975602277,4.769109778610834,12.8872,0.323,4.418874344058039
情景一阈值控制,8.871077412178579,26541.36284315462,7.934290906401261,27.759218818019857,3.625003057411163,10.25142171152574,4.891003268571364,12.8872,0.323,4.418696341013974
情景一阈值控制,8.896066981691817,26540.26637748307,8.136998002305104,28.468679524146648,3.7176124226490677,10.513424073117461,5.01600587240316,12.8872,0.323,4.4185137976804025
情景一阈值控制,8.921056551205055,26539.14194727512,8.344872447085665,29.196234494650305,3.8125823584763374,10.782108608869166,5.144196574098582,12.8872,0.323,4.4183265987157165
情景一阈值控制,8.946046120718293,26537.98884182023,8.55804543507581,29.942343589981355,3.909972787627209,11.05764514428775,5.2756563982347755,12.8872,0.323,4.418134625798409
情景一阈值控制,8.971035690231531,26536.8063325088,8.776651458056929,30.707478252066924,4.009845138430937,11.340207781895302,5.4104684099736815,12.8872,0.323,4.417937757627075
情景一阈值控制,8.996025259744771,26535.593672628434,9.00082834258432,31.49212163611237,4.112262361839091,11.629974949903179,5.548717738284676,12.8872,0.323,4.4177358698864975
情景一阈值控制,9.021014829258009,26534.35009668219,9.2307173745231,32.29676905174872,4.217288988207611,11.92712956512682,5.690491653672026,12.8872,0.323,4.4175288351341395
情景一阈值控制,9.046004398771247,26533.07482062542,9.466463255601209,33.12192780976217,4.324991107473396,12.23185897638329,5.835879541169573,12.8872,0.323,4.417316522839586
情景一阈值控制,9.070993968284487,26531.7670400045,9.708214445108155,33.96811842644394,4.435436525079437,12.544355409255159,5.984973112539756,12.8872,0.323,4.417098799074659
情景一阈值控制,9.095983537797725,26530.42592977157,9.956123193871735,34.8358747434311,4.548694777477364,12.864816010347472,6.137866427388822,12.8872,0.323,4.416875526482586
情景一阈值控制,9.120973107310963,26529.050644284576,10.210345544258129,35.725743927706894,4.664837132127498,13.193442847287882,6.29465589316689,12.8872,0.323,4.416646564278002
情景一阈值控制,9.145962676824201,26527.640316764937,10.471041429325753,36.638286822495715,4.783936632714897,13.530443038311414,6.45544032699348,12.8872,0.323,4.416411768156661
情景一阈值控制,9.170952246337439,26526.19405913345,10.738374702147075,37.57407805344697,4.906068112469436,13.876028791473953,6.6203209743664475,12.8872,0.323,4.416170990268119
情景一阈值控制,9.195941815850679,26524.710961205135,11.012513283694751,38.53370654960482,5.031308261654543,14.230417597045289,6.789401600953658,12.8872,0.323,4.415924079081683
情景一阈值控制,9.220931385363917,26523.190089226104,11.293629431030148,39.517776490111714,5.159735749916603,14.593832577124756,6.962788659396299,12.8872,0.323,4.415670879142834
情景一阈值控制,9.245920954877155,26521.63048586186,11.581899739449327,40.526907311790346,5.29143122726383,14.966502488441233,7.140591290644781,12.8872,0.323,4.415411231071265
情景一阈值控制,9.270910524390395,26520.031170086157,11.877505162783399,41.56173378104826,5.42647733332221,15.348661748907366,7.322921336627884,12.8872,0.323,4.415144971542394
情景一阈值控制,9.295900093903633,26518.391136297236,12.180631174297737,42.62290656570528,5.564958770656854,15.740550648794255,7.509893441005232,12.8872,0.323,4.414871933140218
情景一阈值控制,9.320889663416871,26516.709354613486,12.491467712308932,43.71109204370187,5.706962279947356,16.14241528008783,7.701625015462876,12.8872,0.323,4.4145919444065465
情景一阈值控制,9.345879232930109,26514.984768676593,12.8102095825762,44.826973724552175,5.852576823538512,16.55450806142852,7.898236490164565,12.8872,0.323,4.414304829475255
情景一阈值控制,9.370868802443347,26513.216295253085,13.13705653120525,45.97125250715712,6.001893618689552,16.977087833321086,8.099851359176823,12.8872,0.323,4.414010408005949
情景一阈值控制,9.395858371956587,26511.402824233228,13.47221324484951,47.14464668051794,6.155006137665862,17.41041985839811,8.306596180594665,12.8872,0.323,4.413708495183789
情景一阈值控制,9.420847941469825,26509.543217832113,13.815889496101553,48.34789244067727,6.312010173988195,17.854776012325306,8.518600667623444,12.8872,0.323,4.41339890158647
情景一阈值控制,9.445837510983063,26507.63631069809,14.168300122601934,49.581743820547175,6.4730038328261585,18.3104347578871,8.735997676214966,12.8872,0.323,4.41308143320229
情景一阈值控制,9.470827080496303,26505.680908166996,14.529665346587011,50.84697381950392,6.638087676741724,18.77768156214368,8.958923404095136,12.8872,0.323,4.412755891139495
情景一阈值控制,9.495816650009541,26503.675785080894,14.900210990747317,52.1443751677158,6.8073648241141616,19.256809178695637,9.18751752543381,12.8872,0.323,4.412422071429626
情景一阈值控制,9.520806219522779,26501.619685788064,15.28016847822772,53.47476032614367,6.980940949140115,19.74811764768417,9.421923190844883,12.8872,0.323,4.412079765027514
情景一阈值控制,9.545795789036017,26499.511323607996,15.669774929793117,54.83896183272401,7.1589243260928335,20.251914423635785,9.662287088381621,12.8872,0.323,4.411728757722212
情景一阈值控制,9.570785358549257,26497.349380426112,16.069273236078327,56.23783256458734,7.3414258621302375,20.768514472298993,9.908759489737921,12.8872,0.323,4.4113688300695255
情景一阈值控制,9.595774928062495,26495.132505567173,16.478912263612823,57.67224646702534,7.528559191245864,21.298240539850347,10.161494378687829,12.8872,0.323,4.4109997572044435
情景一阈值控制,9.620764497575733,26492.859313931185,16.898947194942412,59.143099759630495,7.720440829314466,21.841423598319324,10.42064966359991,12.8872,0.323,4.410621308530812
情景一阈值控制,9.645754067088973,26490.52838596698,17.329639533445185,60.65131095340095,7.917190176286811,22.398402851905086,10.68638718045102,12.8872,0.323,4.410233247716925
情景一阈值控制,9.67074363660221,26488.138267206,17.77125718776709,62.19782115238829,8.118929554632603,22.969525848374403,10.958872745974787,12.8872,0.323,4.409835332617909
情景一阈值控制,9.695733206115449,26485.687467687265,18.224074574346826,63.78359442578077,8.325784255896085,23.55514861647118,11.238276223220367,12.8872,0.323,4.409427315179996
情景一阈值控制,9.720722775628687,26483.174460893195,18.68837281162356,65.40961849646833,8.537882629227337,24.15563592020212,11.524771642873386,12.8872,0.323,4.409008941263347
情景一阈值控制,9.745712345141925,26480.59768160096,19.164440111371047,67.07690613130602,8.755356259718335,24.77136177225809,11.818537448211758,12.8872,0.323,4.408579950284342
情景一阈值控制,9.770701914655165,26477.95552582735,19.652571788724483,68.78649517680049,8.978339972970943,25.402709447193086,12.119756501393448,12.8872,0.323,4.408140075206404
情景一阈值控制,9.795691484168403,26475.24635027361,20.153070362351666,70.53944891830707,9.206971880675443,26.050071614074938,12.42861614674476,12.8872,0.323,4.407689042447565
情景一阈值控制,9.820681053681641,26472.468471807122,20.666245645894872,72.33685641541787,9.44139342205814,26.713850460343465,12.745308269853673,12.8872,0.323,4.407226571794186
情景一阈值控制,9.84567062319488,26469.62016597554,21.19241501856497,74.17983346337597,9.681749487190293,27.39445804685872,13.070029466965087,12.8872,0.323,4.406752376153574
情景一阈值控制,9.870660192708119,26466.699664924527,21.731903803508313,76.06952394038231,9.928188589347247,28.092316805458612,13.40298128236799,12.8872,0.323,4.406266161207331
情景一阈值控制,9.895649762221357,26463.705157367385,22.28504527331856,78.00709982726659,10.180862867518302,28.807859546223355,13.744370211861362,12.8872,0.323,4.405767625406284
情景一阈值控制,9.920639331734595,26460.634787739138,22.852180801890768,79.99376175481004,10.439928155441237,29.541529659600606,14.09440779918906,12.8872,0.323,4.405256459829667
情景一阈值控制,9.945628901247833,26457.48665599065,23.433659898728735,82.03073913696937,10.705543996995372,30.29378116560479,14.453310659513065,12.8872,0.323,4.404732348150842
情景一阈值控制,9.970618470761073,26454.258815121604,24.02984065704959,84.11929176715059,10.977873850311703,31.065079303317702,14.821300760667082,12.8872,0.323,4.40419496622657
情景一阈值控制,9.99560804027431,26450.9492696566,24.64109002989524,86.26071080422638,11.257085213489917,31.855900895022685,15.198605596886743,12.8872,0.323,4.403643981843325
情景一阈值控制,10.020597609787549,26447.555975560026,25.26778384543012,88.45631882763989,11.543349631553543,32.66673436655432,15.585458198518525,12.8872,0.323,4.403079054703105
情景一阈值控制,10.045587179300789,26444.07683915628,25.910306998900918,90.70747053603783,11.836842783572557,33.4980800053022,15.982097255114633,12.8872,0.323,4.402499836243678
情景一阈值控制,10.070576748814027,26440.509716860302,26.56905349921836,93.01555292166277,12.137744503700661,34.35045002461363,16.388767146159818,12.8872,0.323,4.401905969593711
情景一阈值控制,10.095566318327265,26436.852411863798,27.244427068835677,95.3819874144739,12.446239054263035,35.224369355612936,16.80571831885225,12.8872,0.323,4.401297089021092
情景一阈值控制,10.120555887840503,26433.10267346479,27.936841264811267,97.80823031598695,12.76251518084496,36.12037580741771,17.233207364543446,12.8872,0.323,4.400672819821302
情景一阈值控制,10.145545457353741,26429.25819663638,28.646719555617167,100.2957730782841,13.086766147162852,37.0390201701765,17.671497067898084,12.8872,0.323,4.400032778245622
情景一阈值控制,10.17053502686698,26425.31662119603,29.37449546538625,102.84614284153203,13.419189800265253,37.98086641357318,18.120856501601377,12.8872,0.323,4.39937657136284
情景一阈值控制,10.195524596380219,26421.275530163268,30.120612870051012,105.46090349662188,13.759988705255108,38.94649207925765,18.581561213589687,12.8872,0.323,4.398703796785826
情景一阈值控制,10.220514165893457,26417.132446967364,30.885526500731025,108.14165749191459,14.10937037428938,39.936488948073126,19.053893545387908,12.8872,0.323,4.398014042206664
情景一阈值控制,10.245503735406697,26412.884835303386,31.669701969522304,110.8900459263813,14.467547278298804,40.95146307445266,19.538142648520246,12.8872,0.323,4.397306885372686
情景一阈值控制,10.270493304919935,26408.530098044135,32.47361596059653,113.70774925363328,14.834736933536734,41.99203504641602,20.034604608555938,12.8872,0.323,4.396581893905321
情景一阈值控制,10.295482874433173,26404.065576853623,33.297756295228204,116.59648753201462,15.211161930805147,43.058840077928295,20.543582489174057,12.8872,0.323,4.395838625235754
情景一阈值控制,10.32047244394641,26399.488548496567,34.142622595838326,119.55802281252055,15.597050237437763,44.152528890753246,21.06538675289999,12.8872,0.323,4.395076625990518
情景一阈值控制,10.345462013459649,26394.796223879566,35.00872645795036,122.59415975919356,15.992635275456532,45.273767943564216,21.600335370415415,12.8872,0.323,4.394295431831855
情景一阈值控制,10.370451582972889,26389.98574747454,35.89659155136859,125.70674602219196,16.398155967387883,46.423239569717666,22.148753886290695,12.8872,0.323,4.393494567361744
情景一阈值控制,10.395441152486127,26385.054196549543,36.80675374932191,128.89767273547463,16.813856794285787,47.601642161047025,22.710975506673833,12.8872,0.323,4.392673545993829
情景一阈值控制,10.420430721999365,26379.998578628525,37.7397615836155,132.16887616045872,17.23998800256676,48.80969077486214,23.287341388892862,12.8872,0.323,4.391831869530523
情景一阈值控制,10.445420291512605,26374.81582888229,38.69617671127137,135.52233937417168,17.676805816004386,50.04811775738024,23.878200938897805,12.8872,0.323,4.390969027728637
情景一阈值控制,10.470409861025843,26369.502809854494,39.67657396258065,138.96009244654672,18.12457245748583,51.31767280920081,24.483911842499047,12.8872,0.323,4.3900844982537715
情景一阈值控制,10.49539943053908,26364.05631041131,40.68154151879882,142.4842131200359,18.583556228957637,52.61912323628529,25.104840185110998,12.8872,0.323,4.389177746505449
情景一阈值控制,10.520389000052319,26358.473044262777,41.711681172563765,146.096827766358,19.054031629418272,53.95325430328209,25.741360620325125,12.8872,0.323,4.388248225370937
情景一阈值控制,10.545378569565557,26352.749646174587,42.767609003438125,149.80011383763974,19.53627966165689,55.320870138727855,26.393856801785958,12.8872,0.323,4.387295374594588
情景一阈值控制,10.570368139078797,26346.88267155574,43.84995545080402,153.59630013322106,20.030587865303072,56.722793833578265,27.06272143020055,12.8872,0.323,4.386318620709179
情景一阈值控制,10.595357708592035,26340.868595364944,44.95936549864326,157.48766750725875,20.537250399939758,58.159867702524345,27.74835637801382,12.8872,0.323,4.3853173768538465
情景一阈值控制,10.620347278105275,26334.70381120705,46.09649882807208,161.47654945337095,21.05656811369834,59.63295349990071,28.451172792419385,12.8872,0.323,4.384291042623665
情景一阈值控制,10.645336847618513,26328.38462700388,47.26203058614692,165.56533490580287,21.588848892090986,61.14293345415005,29.17159158890762,12.8872,0.323,4.383239003348901
情景一阈值控制,10.67032641713175,26321.90726416901,48.45665153158392,169.75646877337695,22.13440772406467,62.69071046500993,29.91004354534446,12.8872,0.323,4.3821606299576406
情景一阈值控制,10.695315986644989,26315.26785658493,49.68106820620058,174.05245260131116,22.693566779000584,64.2772083479208,30.666969418579633,12.8872,0.323,4.3810552788054915
情景一阈值控制,10.720305556158227,26308.46244988764,50.93600304881514,178.45584503411885,23.26665545737444,65.90337200497406,31.442820026006814,12.8872,0.323,4.37992229155649
情景一阈值控制,10.745295125671467,26301.486996983294,52.22219518718808,182.9692647165373,23.854010749750003,67.57016849621887,32.23805675668934,12.8872,0.323,4.378760994436688
情景一阈值控制,10.770284695184705,26294.337356779528,53.5404006609337,187.59539111440927,24.455977337735277,69.27858734281196,33.053151715994474,12.8872,0.323,4.377570698022949
情景一阈值控制,10.795274264697943,26287.00929323842,54.89139257777942,192.33696512744976,25.072907663958674,71.02964075331124,33.88858783355912,12.8872,0.323,4.376350697085275
情景一阈值控制,10.820263834211183,26279.498474666078,56.27596122158829,197.1967895489412,25.70516197967519,72.82436379344017,34.744858944285326,12.8872,0.323,4.375100270468535
情景一阈值控制,10.84525340372442,26271.80046913197,57.69491485627374,202.17773202958662,26.353108708774293,74.66381548063255,35.62247031055289,12.8872,0.323,4.373818680329864
情景一阈值控制,10.870242973237659,26263.91074294231,59.14907999222816,207.2827260653318,27.017124568300243,76.5490791488333,36.521938796267584,12.8872,0.323,4.372505171884504
情景一阈值控制,10.895232542750897,26255.824659718146,60.63930153446848,212.51477159385522,27.697594634463282,78.48126266878086,37.443792971958956,12.8872,0.323,4.371158973252321
情景一阈值控制,10.920222112264135,26247.537479620183,62.16644289740407,217.8769354961573,28.3949123929369,80.46149863324307,38.38857320315733,12.8872,0.323,4.369779295328749
情景一阈值控制,10.945211681777373,26239.04435455179,63.731386840456125,223.37235470041662,29.109480116721464,82.49094550326484,39.35683219727406,12.8872,0.323,4.368365330986178
情景一阈值控制,10.970201251290613,26230.34032666042,65.33503572722368,229.0042371516262,29.841708983190927,84.57078796625274,40.34913517444554,12.8872,0.323,4.366916254824454
情景一阈值控制,10.99519082080385,26221.420327428244,66.97831166477013,234.7758624000129,30.592019135569032,86.70223715327717,41.36605997120904,12.8872,0.323,4.3654312230194945
情景一阈值控制,11.02018039031709,26212.27917666391,68.66215665516106,240.69058225340086,31.360839749549655,88.88653087998871,42.40819715544513,12.8872,0.323,4.363909373155426
情景一阈值控制,11.045169959830329,26202.911577474788,70.38753346380058,246.75182403038315,32.148609425354984,91.1249348480077,43.476150599566445,12.8872,0.323,4.362349823387555
情景一阈值控制,11.070159529343567,26193.312115033616,72.15542582963916,252.96309135836358,32.95577628242297,93.4187429396394,44.570537621127805,12.8872,0.323,4.360751672237021
情景一阈值控制,11.095149098856805,26183.475255756635,73.96683857849965,259.3279647053298,33.78279800829825,95.7692774142567,45.69198907652129,12.8872,0.323,4.359113998453986
情景一阈值控制,11.120138668370043,26173.39534566102,75.8227978818802,265.85010244268284,34.63014197349601,98.17788930080084,46.841149548240274,12.8872,0.323,4.357435860744161
情景一阈值控制,11.145128237883283,26163.06660541438,77.72435210323715,272.5332440484021,35.498285612900105,100.64595958070356,48.01867790925738,12.8872,0.323,4.355716296944637
情景一阈值控制,11.17011780739652,26152.483129443986,79.67257194451871,279.38121068343185,36.38771649134045,103.1748994007455,49.22524742458019,12.8872,0.323,4.353954323875584
情景一阈值控制,11.19510737690976,26141.638885305732,81.6685505115546,286.3979055999805,37.29893232964744,105.76615022384017,50.46154582319109,12.8872,0.323,4.352148937235195
情景一阈值控制,11.220096946422998,26130.527710871782,83.71340377277767,293.58731596124,38.23244120960245,108.42118450105262,51.72827561867059,12.8872,0.323,4.350299111131472
情景一阈值控制,11.245086515936237,26119.143310089443,85.80827127464133,300.95351558557417,39.18876189557721,111.14150668502245,53.02615459270642,12.8872,0.323,4.348403797376152
情景一阈值控制,11.270076085449475,26107.479252325662,87.95431623733344,308.50066537066004,40.1684238763548,113.9286533865983,54.355915869824585,12.8872,0.323,4.346461925375578
情景一阈值控制,11.295065654962713,26095.528971908014,90.15272557540618,316.23301359049077,41.17196736977566,116.78419348452043,55.718307969719476,12.8872,0.323,4.3444724020542775
情景一阈值控制,11.32005522447595,26083.285763806853,92.40471061100503,324.1548986892054,42.199943642144625,119.70972915717624,57.11409529950947,12.8872,0.323,4.342434111136114
情景一阈值控制,11.34504479398919,26070.742780785025,94.71150754495609,332.27075112535204,43.252915219225684,122.7068965636828,58.54405847868469,12.8872,0.323,4.340345912669763
情景一阈值控制,11.370034363502429,26057.893032882417,97.07437750322664,340.5850937054027,44.33145590383145,125.77736596705321,60.008994397870275,12.8872,0.323,4.338206642942894
情景一阈值控制,11.395023933015668,26044.729386578852,99.49460661848133,349.10254212540326,45.43615080762178,128.9228419342268,61.50971631426181,12.8872,0.323,4.3360151143428105
情景一阈值控制,11.400118757988366,26041.980126184397,100.0,350.88143249232144,45.66682780986098,129.57978244287003,61.82314583315659,12.8872,0.323,4.33555740812338
情景一阈值控制,12.0,25394.668601376743,100.0,,,147.29427551947356,156.13680663864375,12.8872,0.8398690865878702,1.0000000000000002
情景一阈值控制,13.0,24356.580821252803,100.0,,,176.8242755194736,307.21876210120996,12.8872,0.8330442393051938,0.9999999999999998
情景一阈值控制,14.0,23367.61593043565,100.0,,,206.35427551947356,450.9421087456193,12.8872,0.8259783329612018,0.9999999999999997
情景一阈值控制,15.0,22425.44940656788,100.0,,,235.8842755194736,587.6550600210112,12.8872,0.8186671131885626,1.0000000000000002
情景一阈值控制,16.0,21527.866724978834,100.0,,,265.41427551947356,717.6893517230504,12.8872,0.8111066214369279,0.9999999999999999
情景一阈值控制,17.0,20672.75815353308,100.0,,,294.94427551947354,841.3610217256241,12.8872,0.8032932302145754,0.9999999999999999
情景一阈值控制,18.0,19858.113793789536,100.0,,,324.47427551947357,958.9711528152072,12.8872,0.7952236792897951,0.9999999999999999
情景一阈值控制,19.0,19082.018856815717,100.0,,,354.0042755194736,1070.806580373885,12.8872,0.786895112647668,0.9999999999999996
情景一阈值控制,20.0,18342.649162553043,100.0,,,383.53427551947357,1177.140566574434,12.8872,0.7783051159677311,1.0000000000000002
情景一阈值控制,21.0,17638.26685215469,100.0,,,413.06427551947354,1278.233442672107,12.8872,0.7694517543575983,1.0000000000000004
情景一阈值控制,22.0,16967.216303217996,100.0,,,442.5942755194736,1374.333220902824,12.8872,0.7603336100474216,0.9999999999999998
情景一阈值控制,23.0,16327.920238310337,100.0,,,472.1242755194736,1465.6761774259912,12.8872,0.7509498197207263,1.0000000000000002
情景一阈值控制,24.0,15718.876017641676,100.0,,,501.6542755194736,1552.4874076821563,12.8872,0.7413001111292632,1.0000000000000002
情景一阈值控制,25.0,15138.652107169979,100.0,,,531.1842755194735,1634.9813554708169,12.8872,0.731384838613814,0.9999999999999997
情景一阈值控制,26.0,14585.884713837757,100.0,,,560.7142755194736,1713.3623169919829,12.8872,0.7212050171300961,1.0
情景一阈值控制,27.0,14059.274580031139,100.0,,,590.2442755194736,1787.8249210362153,12.8872,0.7107623543598376,0.9999999999999999
情景一阈值控制,28.0,13557.583929726894,100.0,,,619.7742755194736,1858.5545864517908,12.8872,0.7000592804724974,1.0
情景一阈值控制,29.0,13079.633559149483,100.0,,,649.3042755194737,1925.7279579642873,12.8872,0.6890989750938239,0.9999999999999999
情景一阈值控制,30.0,12624.3000650998,100.0,,,678.8342755194736,1989.5133213729296,12.8872,0.6778853910341807,0.9999999999999998
情景一阈值控制,31.0,12190.513204440991,100.0,,,708.3642755194736,2050.070999099619,12.8872,0.666423274333079,1.0000000000000002
情景一阈值控制,32.0,11777.25337853481,100.0,,,737.8942755194736,2107.5537270203654,12.8872,0.6547181801872133,0.9999999999999998
情景一阈值控制,33.0,11383.549236715873,100.0,,,767.4242755194737,2162.1070134648417,12.8872,0.6427764843480435,1.0
情景一阈值控制,34.0,11008.475393170833,100.0,,,796.9542755194736,2213.869481227889,12.8872,0.6306053896019563,1.0
情景一阈值控制,35.0,10651.15025185609,100.0,,,826.4842755194736,2262.9731933968374,12.8872,0.6182129269814629,1.0000000000000002
情景一阈值控制,36.0,10310.733934341628,100.0,,,856.0142755194736,2309.543963760504,12.8872,0.605607951399781,1.0000000000000002
情景一阈值控制,37.0,9986.426305710382,100.0,,,885.5442755194737,2353.7016525294644,12.8872,0.5928001314532784,1.0
情景一阈值控制,38.0,9677.465093873194,100.0,,,915.0742755194736,2395.5604480626744,12.8872,0.5797999331962174,1.0000000000000002
情景一阈值控制,39.0,9383.12409787879,100.0,,,944.6042755194736,2435.2291352626366,12.8872,0.566618597759345,1.0000000000000002
情景一阈值控制,40.0,9102.711481007544,100.0,,,974.1342755194736,2472.8113512699497,12.8872,0.5532681127572453,1.0000000000000002
情景一阈值控制,41.0,8835.568144636976,100.0,,,1003.6642755194737,2508.4058290582607,12.8872,0.5397611775078592,1.0000000000000002
情景一阈值控制,42.0,8581.066179056856,100.0,,,1033.1942755194736,2542.1066295021624,12.8872,0.526111162169858,1.0000000000000002
情景一阈值控制,43.0,8338.607387592569,100.0,,,1062.7242755194736,2574.0033624635134,12.8872,0.5123320609880857,1.0000000000000002
情景一阈值控制,44.0,8107.621880567808,100.0,,,1092.2542755194736,2604.1813974158217,12.8872,0.49843843992241044,1.0000000000000002
情景一阈值控制,45.0,7887.566735801713,100.0,,,1121.7842755194736,2632.722064101783,12.8872,0.4844453790192288,1.0000000000000002
情景一阈值控制,46.0,7677.924722492038,100.0,,,1151.3142755194735,2659.702843695573,12.8872,0.4703684099657429,1.0
情景一阈值控制,47.0,7478.203085484871,100.0,,,1180.8442755194737,2685.1975509192466,12.8872,0.45622344934309456,1.0
情景一阈值控制,48.0,7287.932387073379,100.0,,,1210.3742755194737,2709.276507541287,12.8872,0.4420267281637382,1.0000000000000002
情景一阈值控制,49.0,7106.665403603292,100.0,,,1239.9042755194737,2732.0067076651067,12.8872,0.427794718339354,1.0000000000000002
情景一阈值控制,50.0,6933.976074291619,100.0,,,1269.4342755194737,2753.451975195995,12.8872,0.4135440567766562,1.0
情景一阈值控制,51.0,6769.4584997878355,100.0,,,1298.9642755194736,2773.6731138566624,12.8872,0.3992914678383449,1.0
情景一阈值控制,52.0,6612.725988123733,100.0,,,1328.4942755194736,2792.728050103944,12.8872,0.38505368493416225,1.0000000000000002
情景一阈值控制,53.0,6463.410145809436,100.0,,,1358.0242755194736,2810.671969282626,12.8872,0.3708473720218274,1.0000000000000002
情景一阈值控制,54.0,6321.160011939252,100.0,,,1387.5542755194735,2827.5574453363806,12.8872,0.3566890457991668,1.0
情景一阈值控制,55.0,6185.64123327214,100.0,,,1417.0842755194737,2843.4345643807137,12.8872,0.34259499935697546,1.0
情景一阈值控制,56.0,6056.535278347796,100.0,,,1446.6142755194737,2858.35104242838,12.8872,0.32858122803734224,1.0
情景一阈值控制,56.400122826054705,6006.604843333516,100.0,,,1458.4299025728692,2864.060640660921,12.8872,0.32299999999999995,1.0000000000000002
情景一阈值控制,57.400122826054705,5884.407836092567,99.69889855768746,79.06674809177287,11.729070255377373,1487.629088016862,2877.991714366105,12.8872,0.323,0.9796562266990861
情景一阈值控制,58.400122826054705,5765.4045957810185,98.81086216263583,156.06699086584237,19.660275624266,1516.065117349735,2891.558682570711,12.8872,0.323,0.9598441625771013
情景一阈值控制,59.400122826054705,5650.1662170508525,97.3682653900459,230.6312053854018,24.868917824341306,1543.6015265203155,2904.6964376107367,12.8872,0.323,0.9406588854137359
情景一阈值控制,60.400122826054705,5539.170782056586,95.41447167272958,302.4500518218265,28.119282496864873,1570.1240769739745,2917.35047571492,12.8872,0.323,0.9221799879518102
情景一阈值控制,61.400122826054705,5432.800929046194,93.00150652206307,371.27594668149334,29.95745944826567,1595.5413366420155,2929.4771741976037,12.8872,0.323,0.9044711731080225
情景一阈值控制,62.400122826054705,5331.345134141742,90.18756033428603,436.9222334382826,30.776099996821692,1619.784373657983,2941.0436453292987,12.8872,0.323,0.8875804673681479
情景一阈值控制,63.400122826054705,5235.002073533705,87.03449553001776,499.2603600052102,30.859642158840245,1642.8057140038143,2952.027239024577,12.8872,0.323,0.8715409470199823
情景一阈值控制,64.40012282605471,5143.887370092901,83.6055009326918,558.2155133847477,30.415929871305153,1664.577729395292,2962.414773694366,12.8872,0.323,0.8563718613522396
情景一阈值控制,65.40012282605471,5058.041992110275,79.96301006764385,613.7611853209806,29.598135553196617,1685.0906303886995,2972.201578747351,12.8872,0.323,0.8420800309053106
情景一阈值控制,66.40012282605471,4977.441585880809,76.16695860020688,665.9131337142319,28.519948304886196,1704.3502363438172,2981.3904306284485,12.8872,0.323,0.8286614011915678
情景一阈值控制,67.40012282605471,4902.006194327943,72.27340706307646,714.7230942507765,27.266691934565095,1722.375653141866,2989.99044484672,12.8872,0.323,0.8161026606850089
情景一阈值控制,68.40012282605471,4831.610020052197,68.33353150423837,760.2724632881863,25.902719427132165,1739.1969402882205,2998.0159629387035,12.8872,0.323,0.8043828662067896
情景一阈值控制,69.40012282605471,4766.09039552361,64.3929846571225,802.6664937528968,24.47653906047395,1754.8529674694644,3005.485529821335,12.8872,0.323,0.7934749363133649
情景一阈值控制,70.40012282605471,4705.256526131266,60.49155071216569,842.0286380090814,23.025225725749536,1769.3893253866447,3012.4208970403147,12.8872,0.323,0.7833471068691055
情景一阈值控制,71.40012282605471,4648.896829107017,56.663078141475,878.4957992576234,21.57645216668141,1782.8565721067985,3018.8461860958682,12.8872,0.323,0.7739641528552752
情景一阈值控制,72.40012282605471,4596.785871960117,52.935626934551195,912.2138420688577,20.15131001650104,1795.3085751120436,3024.7870974262883,12.8872,0.323,0.765288543504223
情景一阈值控制,73.40012282605471,4548.6897971384515,49.33175549979268,943.3340823921686,18.76510679673588,1806.8012150674301,3030.270291969257,12.8872,0.323,0.7572813454154315
情景一阈值控制,74.40012282605471,4504.371461209282,45.86897315477601,972.0099622837993,17.429143555049507,1817.3911578048437,3035.322805269382,12.8872,0.323,0.7499030781438035
情景一阈值控制,75.40012282605471,4463.59395155239,42.560165926221295,998.3947744543126,16.151167718526168,1827.135014003122,3039.9716465574825,12.8872,0.323,0.743114299670695
情景一阈值控制,76.40012282605471,4426.124200141121,39.414206680854846,1022.6393239959747,14.936312259937221,1836.0884756688451,3044.243386761365,12.8872,0.323,0.736876208038472
情景一阈值控制,77.40012282605471,4391.734954933909,36.43641003084317,1044.8906528071907,13.787617295622866,1844.305845068935,3048.163933757272,12.8872,0.323,0.7311509695544756
情景一阈值控制,78.40012282605471,4360.207082547102,33.62906493829216,1065.2905496635994,12.706414513609374,1851.8394845030145,3051.7582698535907,12.8872,0.323,0.7259021021478244
情景一阈值控制,79.40012282605471,4331.330704360108,30.99201490526523,1083.9748151089207,11.69278456906652,1858.7395448291265,3055.050322269151,12.8872,0.323,0.721094664512062
情景一阈值控制,80.40012282605471,4304.9058169837335,28.52297136949503,1101.0728599851057,10.745730906062985,1865.0538172017546,3058.062892396712,12.8872,0.323,0.7166953594028367
情景一阈值控制,81.40012282605471,4280.743696956855,26.218007105639288,1116.706796532843,9.86362241159529,1870.8273974171334,3060.817495660475,12.8872,0.323,0.7126727674965796
情景一阈值控制,82.40012282605471,4258.666414516309,24.07197321583516,1130.9917530034681,9.044228762863616,1876.1028020987703,3063.3344169487596,12.8872,0.323,0.7089972664412623
情景一阈值控制,83.40012282605471,4238.506760438611,22.07867311791021,1144.0359209955334,8.284789522142024,1880.919986178743,3065.632718954418,12.8872,0.323,0.7056410186767582
情景一阈值控制,84.40012282605471,4220.109096027345,20.231245935981164,1155.9400054762139,7.5824621544237925,1885.31613979175,3067.7301452719976,12.8872,0.323,0.7025781129436325
情景一阈值控制,85.40012282605471,4203.328380574264,18.522402685859202,1166.7978540560264,6.934221343731473,1889.3259206649527,3069.6432312720635,12.8872,0.323,0.6997844023715604
情景一阈值控制,86.40012282605471,4188.029477370537,16.944540157793963,1176.6969060295685,6.33682674372803,1892.9816199477875,3071.387383219413,12.8872,0.323,0.697237388941718
情景一阈值控制,87.40012282605471,4174.0875597461345,15.489950032073157,1185.7179296504767,5.787126566351285,1896.3130651881534,3072.976831982542,12.8872,0.323,0.6949162910856012
情景一阈值控制,88.40012282605471,4161.3873735078405,14.150972693703398,1193.935499365926,5.282041393332378,1899.347796574119,3074.4247171194206,12.8872,0.323,0.6928019208931971
情景一阈值控制,89.40012282605471,4149.8221704298,12.920035945918983,1201.4186858943697,4.818472509965742,1902.111321778196,3075.7432084649404,12.8872,0.323,0.6908765065568643
情景一阈值控制,90.40012282605471,4139.293840042547,11.789765094068589,1208.230970952337,4.393463060632958,1904.627084466122,3076.9434911062995,12.8872,0.323,0.6891237143120178
情景一阈值控制,91.40012282605471,4129.712338190616,10.753067633697693,1214.4306170023726,4.004219247076058,1906.9166008440056,3078.0358305303116,12.8872,0.323,0.6875285533014569
情景一阈值控制,92.40012282605471,4120.994612335554,9.803121408523374,1220.0713626284596,3.6480217572433857,1908.9997164590213,3079.0296951442706,12.8872,0.323,0.6860771966561571
情景一阈值控制,93.40012282605471,4113.064616688686,8.933433724726399,1225.20241274447,3.322314846545105,1910.8946025834123,3079.933754550738,12.8872,0.323,0.6847569840146233
情景一阈值控制,94.40012282605471,4105.8528642717665,8.137881197233321,1229.868728430291,3.024725279791994,1912.617863250366,3080.755930614883,12.8872,0.323,0.6835563469484237
情景一阈值控制,95.40012282605471,4099.295435869507,7.41066884557734,1234.1116681823992,2.7529869553743005,1914.1847720665185,3081.503510448881,12.8872,0.323,0.6824646439692378
情景一阈值控制,96.40012282605471,4093.333937623703,6.74635815600547,1237.9690153522943,2.5049881538849625,1915.6092823449087,3082.1831512464,12.8872,0.323,0.6814721534689812
情景一阈值控制,97.40012282605471,4087.915225460109,6.139888465688328,1241.4751564542273,2.278792614625942,1916.9040929536532,3082.800911699316,12.8872,0.323,0.680570027841455
情景一阈值控制,98.40012282605471,4082.9905009240074,5.586520727496233,1244.661666198689,2.0725747840490922,1918.0808643675937,3083.362355077016,12.8872,0.323,0.679750142953977
情景一阈值控制,99.40012282605471,4078.515206706994,5.081843466513938,1247.5573750910964,1.8846379257686032,1919.150243632352,3083.872561136864,12.8872,0.323,0.6790050807543251
情景一阈值控制,100.40012282605471,4074.4489521995183,4.6217933123009995,1250.1884176025194,1.7134423459346348,1920.1218821536795,3084.336134611589,12.8872,0.323,0.6783281168764718
情景一阈值控制,101.40012282605471,4070.7547201075176,4.202594484617749,1252.5787455230288,1.5575513031805768,1921.004625277779,3084.7572956589806,12.8872,0.323,0.6777130885554227
情景一阈值控制,102.40012282605471,4067.3986747170006,3.820747324511863,1254.7502520228022,1.4156286115562045,1921.8065581068124,3085.139901720691,12.8872,0.323,0.677154362706453
情景一阈值控制,103.40012282605471,4064.3502110912095,3.473048841043962,1256.7227398194311,1.2864674387971418,1922.5349937431552,3085.4874419135103,12.8872,0.323,0.676646844115618
情景一阈值控制,104.40012282605471,4061.5814113283013,3.1565477919838067,1258.5142730027171,1.1689560166960922,1923.1966032175594,3085.803099018728,12.8872,0.323,0.6761858849156831
情景一阈值控制,105.40012282605471,4059.0667006013323,2.8685144107814433,1260.141399591676,1.0620604986393,1923.7974976789922,3086.0897886953057,12.8872,0.323,0.6757672273224906
情景一阈值控制,106.40012282605471,4056.782885082933,2.606450476085805,1261.619126995632,0.9648402359155064,1924.3432193324704,3086.350155156271,12.8872,0.323,0.6753870099487883
情景一阈值控制,107.40012282605471,4054.7090004993706,2.3680809179499693,1262.96102000629,0.8764448504485244,1924.8387776273269,3086.586588434319,12.8872,0.323,0.6750417425909956
情景一阈值控制,108.40012282605471,4052.8258201074304,2.1513056014015692,1264.1795191579697,0.7960859839633638,1925.288766826983,3086.801280474923,12.8872,0.323,0.6747282243155209
情景一阈值控制,109.40012282605471,4051.1157977082585,1.9541946927044216,1265.2859776001146,0.7230371341822878,1925.69737962589,3086.9962316330425,12.8872,0.323,0.6744435339715124
情景一阈值控制,110.40012282605471,4049.5631314119028,1.775000226812198,1266.2906198388764,0.6566465264515771,1926.0683919128812,3087.1732434036453,12.8872,0.323,0.6741850408065959
情景一阈值控制,111.40012282605471,4048.1534650844383,1.6121263835548907,1267.2027349137352,0.5963195775849734,1926.4052341108952,3087.333952458237,12.8872,0.323,0.6739503547627771
情景一阈值控制,112.40012282605471,4046.8736261795702,1.464102393245867,1268.0308460317901,0.5415061308599673,1926.711053822568,3087.4798605333776,12.8872,0.323,0.6737372828297552
情景一阈值控制,113.40012282605471,4045.7116305681557,1.3295838239100701,1268.7827074428496,0.4917028905522818,1926.988714676208,3087.6123338800926,12.8872,0.323,0.6735438298489579
情景一阈值控制,114.40012282605471,4044.6567209880263,1.207359404171839,1269.4652795607346,0.4464602598156857,1927.2407871381472,3087.7325988803973,12.8872,0.323,0.673368204914799
情景一阈值控制,115.40012282605471,4043.699086078374,1.0963207902476866,1270.0849107601803,0.40536614726336023,1927.4696156499572,3087.841774078794,12.8872,0.323,0.6732087745985671
情景一阈值控制,116.35283185491207,4042.8689821203347,1.0000044965036912,1270.6220239188592,0.36972621985139276,1927.6679704211242,3087.9364101069878,12.8872,0.323,0.6730705760688335
