date,day,community_obs,quarantine_obs,community_fit,quarantine_fit
2021-12-09,0.0,1,0,0.0022607708371630976,0.0010827436608518083
2021-12-10,1.0,0,0,0.006117488358307452,0.0029630696445677508
2021-12-11,2.0,0,0,0.016288025482959788,0.00810224627207436
2021-12-12,3.0,1,0,0.04192220620026575,0.021606855648381086
2021-12-13,4.0,1,0,0.10385377251137773,0.05611187346767823
2021-12-14,5.0,0,0,0.24573993009920628,0.14047584658405848
2021-12-15,6.0,1,3,0.5515692170725803,0.33642455061196824
2021-12-16,7.0,2,2,1.1679042557966008,0.7657344175688126
2021-12-17,8.0,3,4,2.3222146605552907,1.647171986371857
2021-12-18,9.0,5,5,4.320686692667777,3.33383556376521
2021-12-19,10.0,8,13,7.50429385263635,6.328385409492373
2021-12-20,11.0,21,21,12.150222005764665,11.243079963563025
2021-12-21,12.0,31,21,18.332937582827252,18.67747222269594
2021-12-22,13.0,35,28,25.793795274955258,29.01596773481173
2021-12-23,14.0,22,27,33.88933413826369,42.1983158127661
2021-12-24,15.0,24,51,41.67018156852647,57.5574410756621
2021-12-25,16.0,59,96,48.0860971578754,73.81807121092501
2021-12-26,17.0,42,109,52.24925416757458,89.2950130695508
2021-12-27,18.0,57,117,53.65454843410805,102.24174082556755
2021-12-28,19.0,60,91,52.277202799215104,111.23189831686204
2021-12-29,20.0,58,97,48.526541805701015,115.44482299165668
2021-12-30,21.0,54,107,43.09388415123425,114.77367162972655
2021-12-31,22.0,33,141,36.76372018102188,109.7505852042616
2022-01-01,23.0,22,100,30.25163479763728,101.34548349042052
2022-01-02,24.0,9,81,24.104434556010233,90.72068666237931
2022-01-03,25.0,10,85,18.66700014938965,79.01288422764105
2022-01-04,26.0,4,31,14.099238522920587,67.18358810184418
2022-01-05,27.0,2,61,10.420071843465735,55.94667507132954
2022-01-06,28.0,5,52,7.557926680751734,45.759934917347664
2022-01-07,29.0,0,46,5.3949507207930765,36.85790693194167
2022-01-08,30.0,4,26,3.799419491238382,29.303861848604583
2022-01-09,31.0,4,11,2.6459769951915177,23.04446633220732
2022-01-10,32.0,0,13,1.825986982539689,17.957419788226616
2022-01-11,33.0,0,8,1.251049190779213,13.88802594912363
2022-01-12,34.0,2,4,0.8524454531625452,10.674413233972473
2022-01-13,35.0,1,7,0.5785785928203495,8.163085176063078
2022-01-14,36.0,2,2,0.3917384336384657,6.2171673297089
2022-01-15,37.0,0,1,0.2649453780214799,4.719650085897683
2022-01-16,38.0,0,5,0.17922145192210337,3.573516355315178
2022-01-17,39.0,0,1,0.12139627076726356,2.700141619908891
