t,I_unified,I_legacy_event,I_legacy_fit
0,0.0010066282336470538,0.0010066282336470538,0.0010066282336470538
0.074135513559678096,0.0010850270748735604,0.0010850272136317134,0.0010850270890879873
0.14827102711935619,0.0011695273842439458,0.0011695274557794451,0.0011695276332540216
0.22240654067903429,0.0012605988847867577,0.0012605989187088472,0.0012606473916940591
0.29654205423871238,0.0013587466862096773,0.0013589640301456887,0.0013588713730740953
0.37067756779839045,0.0014645138597846553,0.0014652444217598884,0.0014646820136810061
0.44481308135806857,0.0015784841919035228,0.001579743294644925,0.0015786264412738441
0.5189485949177467,0.0017012851262542665,0.0017028634945386598,0.0017013164750838399
0.59308410847742477,0.0018335909085597782,0.0018351088980433951,0.0018334286258144001
0.66721962203710283,0.0019761259434003526,0.0019770844126258771,0.0019757040956411092
0.7413551355967809,0.0021296683805830225,0.002129495976617293,0.0021289487782117284
0.81549064915645908,0.0022950539413516637,0.0022931505592132724,0.0022940332586461974
0.88962616271613715,0.0024731800029558675,0.0024689561604738872,0.0024718928135366303
0.96376167627581522,0.0026650099524387371,0.0026579218113236508,0.0026635274109473206
1.0378971898354934,0.0028715778321367919,0.0028611575735515201,0.0028700017104147393
1.1120327033951714,0.0030939932885849517,0.0030798745398108928,0.0030924450629475318
1.1861682169548495,0.0033334468482543018,0.0033153848336196098,0.003332051511026524
1.2603037305145277,0.0035912155325830289,0.0035691016093599539,0.0035900797886047166
1.3344392440742057,0.0038686688407289457,0.0038425390522786483,0.0038678533211072867
1.4085747576338838,0.0041672751131728259,0.0041373123784868623,0.0041667602254315938
1.4827102711935618,0.0044886083055586347,0.004455137834960203,0.0044882533099471671
1.55684578475324,0.0048343551865684051,0.0047978326995387231,0.0048340324640992896
1.6309812983129182,0.0052063229955358363,0.0051673152809269159,0.0052060922717698868
1.7051168118725961,0.0056064475740175571,0.0055656049186937149,0.0056062516961549944
1.7792523254322743,0.0060368020079969529,0.0059948219832725025,0.0060365148836450154
1.8533878389919525,0.006499605795324776,0.006457187875961095,0.0064990819679187958
1.9275233525516304,0.0069972345827484638,0.006955025028921754,0.0069963490699436201
2.0016588661113084,0.0075322304874813782,0.0074907569051811847,0.0075309082979752254
2.0757943796709868,0.0081073130483649645,0.0080669079986305375,0.0081055477475577876
2.1499298932306647,0.008725390821856199,0.0086861038340253927,0.0087232515015239227
2.2240654067903427,0.0093895736762702447,0.0093510709669857861,0.0093871996299946924
2.2982009203500211,0.010103185800556492,0.010064636983996197,0.010100768190379611
2.3723364339096991,0.01086977948050433,0.010829730502405526,0.010867529227376622
2.446471947469377,0.011693149660902754,0.011650320403282378,0.011691250772972121
2.5206074610290554,0.012577349350703634,0.012531682495989148,0.012575896846440948
2.5947429745887334,0.013526705897123029,0.013477545338538583,0.013525627454346371
2.6688784881484113,0.014545838180225128,0.014492056779408267,0.014544829660194925
2.7430140017080897,0.015639674760626471,0.015579856315493735,0.015638716120292502
2.8171495152677677,0.016813473025872303,0.016746075092108445,0.016812555210156115
2.8912850288274456,0.018072839389517079,0.017996335902983832,0.018071840994808231
2.9654205423871236,0.01942375057381163,0.019336753190269264,0.019422524139607884
3.039556055946802,0.020872576040191885,0.020773933044532056,0.020871011910250689
3.11369156950648,0.022426101583879459,0.022314973204757463,0.02242416817276879
3.1878270830661579,0.024091554189655362,0.023967463058348713,0.024089313393530938
3.2619625966258363,0.025876628146336605,0.025739483641126965,0.025874224639242452
3.3360981101855143,0.027789512520983477,0.027639607637331309,0.027787135576945184
3.4102336237451922,0.029838919983106348,0.029676899379618805,0.029836736474017588
3.4843691373048706,0.032034117100052058,0.031860914849064483,0.032032174198174689
3.5585046508645486,0.034384956094246757,0.034201701675161247,0.034383055602382528
3.6326401644242265,0.036901908160874151,0.036709799135820023,0.036899998565361761
3.7067756779839049,0.039596098369538743,0.039396238157369659,0.039594197394807948
3.7809111915435829,0.042479342196911324,0.042272541314556933,0.04247732109625995
3.8550467051032609,0.045564183791798357,0.045350722830546579,0.045561890832893422
3.9291822186629393,0.048863935953516763,0.048643288576921309,0.048861279925520758
4.0033177322226168,0.05239272195888349,0.052163236073681715,0.052389713852591016
4.0774532457822952,0.056165519175293152,0.055924054489246443,0.056162270250190119
4.1515887593419736,0.060198204647348617,0.059940287357125324,0.06019487891204061
4.2257242729016511,0.064507602584947143,0.0642315371023683,0.064504321789501773
4.2998597864613295,0.069111533879764833,0.068815765572479842,0.069108232991569776
4.3739953000210079,0.074028867673739673,0.073711374513037539,0.074025442574887718
4.4481308135806854,0.079279574951712298,0.078938141878310691,0.079276093014158236
4.5222663271403638,0.084884784366674362,0.084517221831260536,0.084881118695681185
4.5964018407000422,0.090866840136638052,0.0904711447435399,0.090862826937682314
4.6705373542597197,0.09724936222957048,0.096823817195493267,0.097244907670334821
4.7446728678193981,0.10405730873077662,0.10360052197615716,0.10405243343575965
4.8188083813790765,0.11131704045750326,0.11082791808325956,0.11131185938802501
4.892943894938754,0.11905638795326999,0.11853404072322021,0.11905102329314657
4.9670794084984324,0.12730472067849025,0.12674830131115083,0.1272991455290878
5.0412149220581108,0.13609301864919895,0.13550148747085469,0.13608721388351161
5.1153504356177883,0.14545394630357666,0.14482576303482669,0.14544800241871086
5.1894859491774668,0.15542192872065191,0.15475466804425381,0.155415675977919
5.2636214627371452,0.16603323027224509,0.16532311874901451,0.16602645155156642
5.3377569762968227,0.17732603545159567,0.17656811673380859,0.17731860524275092
5.4118924898565011,0.18934053217681179,0.18853168039640147,0.18933247226723815
5.4860280034161795,0.20211899726351421,0.20125570259751968,0.20211044695346075
5.560163516975857,0.2157058840973744,0.21478416186921653,0.21569698274251864
5.6342990305355354,0.23014791273997348,0.22916360149803056,0.23013859218817978
5.7084345440952138,0.24549416193290136,0.24444312952498445,0.24548441682481778
5.7825700576548913,0.26179616339883127,0.26067441874558545,0.26178604864990029
5.8567055712145697,0.27910799816365844,0.27791170670982612,0.27909731334246773
5.9308410847742472,0.29748639452659192,0.29621179572218281,0.29747491677597065
6.0049765983339256,0.31699082836123538,0.31563405284161733,0.3169784452451278
6.079112111893604,0.33768362479366232,0.33624040988157566,0.33767036546592477
6.1532476254532815,0.35963006163253958,0.35809536340998827,0.3596160245756147
6.2273831390129599,0.38289847445276232,0.38126597474927093,0.38288365013271874
6.3015186525726383,0.40756036270832269,0.40582301195213127,0.40754476304297443
6.3756541661323158,0.43369049727747205,0.43184226709505402,0.43367419215088088
6.4497896796919942,0.46136702908127192,0.45940111642839254,0.46134981214173193
6.5239251932516726,0.49067159831268953,0.48858068198097715,0.49065322795414212
6.5980607068113502,0.52168944458566358,0.51946593859569479,0.52166977974728046
6.6721962203710286,0.55450951736343346,0.55214571392949074,0.55448854290087157
6.746331733930707,0.58922458638704511,0.5867126884533661,0.58920232801519323
6.8204672474903845,0.62593135253036036,0.62326339545237874,0.62590779807310792
6.8946027610500629,0.66473055788195567,0.66189822102564499,0.66470584936649213
6.9687382746097413,0.70572709546298062,0.70272140408633688,0.70570107423886363
7.0428737881694188,0.74903011813405951,0.74584103636168297,0.7490025093698216
7.1170093017290972,0.79475314589934076,0.79136964459598236,0.79472372905319655
7.1911448152887756,0.84301417214901075,0.83942567701075232,0.84298284519704714
7.2652803288484531,0.89393576777589256,0.8901308798148666,0.89390250732366194
7.3394158424081315,0.94764518301963996,0.94361180931218935,0.94761005031377865
7.413551355967809,1.0042744469313796,1.0000000000000002,1.0042375265447137
