status,N,I0,eta,eta_fraction,c0,S_star,Sc,Sbar,s_star,s_c,s_bar,t1,t2,control_duration,Delta_t,delta_t,clear_time,t_end,post_control_tail,q_start,q_max_control,q_max,q_inf,has_internal_inflection,t_inf,lambda_inf,J_c,J_q,J,cost_J,peak_I,cum_total_infections,Itcum,background_peak_I,q_end,control_start,control_end,Delta_t_formula,t2_formula,t2_numeric,Delta_t_numeric,q_min_control,S_end,s_end,cum_community_infections,cum_quarantined_infections
ok,13163000,0.0010065918886718701,1316.3,9.9999999999999991e-05,12.8872,13155882.829101643,2974125.4115856644,1711863.1646776998,0.99945930480146183,0.22594586428516786,0.13005114067292409,13.922266158932562,1724.5822608447438,1710.6599946858112,1710.6599946858112,1710.6599946858112,2209.5458476543809,2209.5458476543809,484.96358680963721,0.84695189750477684,0.84695189750477684,0.84695189750477684,0.41190308162785227,True,1488.1641077946576,0.8617971111825129,0,743.18453109344398,826.40657350309266,826.40657350309266,1316.3,2155648.6873870892,2155648.6873870892,1377552.4932900842,0.32300000000000001,13.922266158932562,1724.5822608447438,1710.6599946858112,1724.5822608447438,1724.5822608447438,1710.6599946858112,0.32300000000000001,2796829.0542159574,0.21247656721233438,709005.26918304735,1446643.4182040414
ok,13163000,0.0010065918886718701,2632.5999999999999,0.00019999999999999998,12.8872,13148764.52890218,2974125.4115856644,1711863.1646776998,0.99891852380932766,0.22594586428516786,0.13005114067292409,14.608122240500295,869.69671570520802,855.08859346470774,855.08859346470774,855.08859346470774,1243.1509660258369,1243.1509660258369,373.45425032062889,0.84686904239423588,0.84686904239423588,0.84686904239423588,0.41190308162785227,True,751.48763918016471,0.86175809450799068,0,371.40545015522798,412.91414483027881,412.91414483027881,2632.5999999999999,2182122.7888854453,2182122.7888854453,1377552.4932900842,0.32300000000000001,14.608122240500295,869.69671570520802,855.08859346470774,869.69671570520802,869.69671570520802,855.08859346470774,0.32300000000000001,2725467.5444449633,0.20705519596178404,727570.48599633994,1454552.3028891054
ok,13163000,0.0010065918886718701,6581.5,0.00050000000000000001,12.8872,13127402.861562496,2974125.4115856644,1711863.1646776998,0.99729566676004677,0.22594586428516786,0.13005114067292409,15.515937834492739,357.26123756349944,341.74529972900672,341.74529972900672,341.74529972900672,620.76690065086905,620.76690065086905,263.50566308736956,0.84661985886492097,0.84661985886492097,0.84661985886492097,0.41190308162785227,True,309.97760695348222,0.86164072878979858,0,148.33772216543545,164.8183652100023,164.8183652100023,6581.5,2234665.8092184193,2234665.8092184193,1377552.4932900842,0.32300000000000001,15.515937834492739,357.26123756349944,341.74529972900672,357.26123756349944,357.26123756349944,341.74529972900672,0.32300000000000001,2587539.3996083462,0.19657672260186479,765069.17364212801,1469596.6355762915
ok,13163000,0.0010065918886718701,13163,0.001,12.8872,13091777.420915779,2974125.4115856644,1711863.1646776998,0.99458918338644531,0.22594586428516786,0.13005114067292409,16.204575068244097,186.83468470542834,170.63010963718423,170.63010963718423,170.63010963718423,389.31739509259006,389.31739509259006,202.48271038716172,0.84620247970098394,0.84620247970098394,0.84620247970098394,0.41190308162785227,True,163.19286940041974,0.86144405957847148,0,73.981345154415138,82.119232969684234,82.119232969684234,13163,2293938.6965223099,2293938.6965223099,1377552.4932900842,0.32300000000000001,16.204575068244097,186.83468470542834,170.63010963718423,186.83468470542834,186.83468470542834,170.63010963718423,0.32300000000000001,2437841.528808767,0.18520409699983034,808409.73616637336,1485528.9603559365
ok,13163000,0.0010065918886718701,19744.5,0.0015,12.8872,13056123.460129375,2974125.4115856644,1711863.1646776998,0.99188053332290316,0.22594586428516786,0.13005114067292409,16.608856837619527,130.19993273846683,113.59107590084731,113.59107590084731,113.59107590084731,304.00968051066417,304.00968051066417,173.80974777219734,0.84578248591228133,0.84578248591228133,0.84578248591228133,0.41190308162785227,True,114.43872253512775,0.86124605231227036,0,49.195494026757189,54.552404336679608,54.552404336679608,19744.5,2339486.0850686207,2339486.0850686207,1377552.4932900842,0.32300000000000001,16.608856837619527,130.19993273846683,113.59107590084731,130.19993273846683,130.19993273846683,113.59107590084731,0.32300000000000001,2327038.3235257687,0.17678631949599399,842459.4519919646,1497026.6330766561
ok,13163000,0.0010065918886718701,26326,0.002,12.8872,13020440.754052369,2974125.4115856644,1711863.1646776998,0.98916969946458777,0.22594586428516786,0.13005114067292409,16.896725724327304,101.96780289071071,85.071077166383404,85.071077166383404,85.071077166383404,258.10433368970757,258.10433368970757,156.13653079899689,0.84535985058594609,0.84535985058594609,0.84535985058594609,0.41190308162785227,True,90.146895238206383,0.86104669123461564,0,36.802272280646939,40.76864984009184,40.76864984009184,26326,2377943.1317581292,2377943.1317581292,1377552.4932900842,0.32300000000000001,16.896725724327304,101.96780289071071,85.071077166383404,101.96780289071071,101.96780289071071,85.071077166383404,0.32300000000000001,2236331.0553641412,0.16989524085422331,871710.33168956137,1506232.800068568
ok,13163000,0.0010065918886718701,39489,0.0030000000000000001,12.8872,12948988.191207716,2974125.4115856644,1711863.1646776998,0.98374141086437106,0.22594586428516786,0.13005114067292409,17.304562759292512,73.85466637730201,56.550103618009501,56.550103618009501,56.550103618009501,208.38880845775122,208.38880845775122,134.53414208044921,0.84450654569206907,0.84450654569206907,0.84450654569206907,0.41190308162785227,True,65.974061275632465,0.8606438432915654,0,24.408452518425641,26.984210226561235,26.984210226561235,39489,2442608.1743226256,2442608.1743226256,1377552.4932900842,0.32300000000000001,17.304562759292512,73.85466637730201,56.550103618009501,73.85466637730201,73.85466637730201,56.550103618009501,0.32300000000000001,2089643.4121365002,0.15875130381649322,921923.49754347291,1520684.6767791526
ok,13163000,0.0010065918886718701,52652,0.0040000000000000001,12.8872,12877417.873614656,2974125.4115856644,1711863.1646776998,0.97830417637428058,0.22594586428516786,0.13005114067292409,17.596029582171084,59.884657479391848,42.288627897220763,42.288627897220763,42.288627897220763,181.18074108379673,181.18074108379673,121.29608360440488,0.84364234170197694,0.84364234170197694,0.84364234170197694,0.41190308162785227,True,53.974203653139689,0.86023538430669688,0,18.210937433898803,20.091299282202812,20.091299282202812,52652,2497305.9429909363,2497305.9429909363,1377552.4932900842,0.32300000000000001,17.596029582171084,59.884657479391848,42.288627897220763,59.884657479391848,59.884657479391848,42.288627897220763,0.32300000000000001,1971225.8714555441,0.14975506126684981,965394.23510440404,1531911.7078865324
ok,13163000,0.0010065918886718701,65815,0.0050000000000000001,12.8872,12805727.894742332,2974125.4115856644,1711863.1646776998,0.97285785115416945,0.22594586428516786,0.13005114067292409,17.823758506211782,51.554695922173941,33.73093741596216,33.73093741596216,33.73093741596216,163.65383221395797,163.65383221395797,112.09913629178403,0.84276700862352594,0.84276700862352594,0.84276700862352594,0.41190308162785227,True,46.826332861172219,0.85982117832384442,0,14.491937179433968,15.954993940507162,15.954993940507162,65815,2545662.5615888704,2545662.5615888704,1377552.4932900842,0.32300000000000001,17.823758506211782,51.554695922173941,33.73093741596216,51.554695922173941,51.554695922173941,33.73093741596216,0.32300000000000001,1870805.316318226,0.14212605912924303,1004577.5089674524,1541085.0526214179
ok,13163000,0.0010065918886718701,98722.5,0.0074999999999999997,12.8872,12625966.466585198,2974125.4115856644,1711863.1646776998,0.95920128136330607,0.22594586428516786,0.13005114067292409,18.242699691657176,40.560971968533714,22.318272276876538,22.318272276876538,22.318272276876538,138.10261741147991,138.10261741147991,97.541645442946191,0.84052841349038854,0.84052841349038854,0.84052841349038854,0.41190308162785227,True,37.408729927865892,0.85875958490148052,0,9.5318056819349906,10.438264129591667,10.438264129591667,98722.5,2649240.4794383058,2649240.4794383058,1377552.4932900842,0.32300000000000001,18.242699691657176,40.560971968533714,22.318272276876538,40.560971968533714,40.560971968533714,22.318272276876538,0.32300000000000001,1668946.5159847692,0.12679074040756433,1090838.9410534129,1558401.5383848927
ok,13163000,0.0010065918886718701,131630,0.01,12.8872,12445412.787045261,2974125.4115856644,1711863.1646776998,0.94548452382019765,0.22594586428516786,0.13005114067292409,18.545595472806291,35.154857140811927,16.609261668005637,16.609261668005637,16.609261668005637,123.88650075949658,123.88650075949658,88.731643618684657,0.8382148556985286,0.8382148556985286,0.8382148556985286,0.41190308162785227,True,32.790675610311069,0.8576588425327194,0,7.0501234514286786,7.6780862630894493,7.6780862630894493,131630,2737381.6288550114,2737381.6288550114,1377552.4932900842,0.32300000000000001,18.545595472806291,35.154857140811927,16.609261668005637,35.154857140811927,35.154857140811927,16.609261668005637,0.32300000000000001,1511028.5575840126,0.11479363044777122,1166685.8467794447,1570695.7820755665
