alpha,duration,J
0,36.260770645190192,11.939018759346757
0.025000000000000001,29.904724497046836,8.9213121757628127
0.050000000000000003,25.81116823045107,7.1853097110697606
0.075000000000000011,22.89514474311207,6.0700929472787326
0.10000000000000001,20.685304546753116,5.3014887374794402
0.125,18.938516545790936,4.7446946217170183
0.15000000000000002,17.514730530914157,4.3258180809891673
0.17500000000000002,16.326759436586187,4.0011371450421596
0.20000000000000001,15.317092226672717,3.7432606467611582
0.22500000000000001,14.446050504208836,3.5342453058614041
0.25,13.6852576365375,3.361905534980548
0.27500000000000002,13.013813432350887,3.2177148130097022
0.30000000000000004,12.415941339953434,3.0955539457144834
0.32500000000000001,11.879481608888065,2.9909344560311752
0.35000000000000003,11.394892803404549,2.9005004941685875
0.375,10.954570625949355,2.8217001752056357
0.40000000000000002,10.55237136407316,2.7525633037173458
0.42500000000000004,10.183271075936222,2.6915477646958252
0.45000000000000001,9.8431170770813061,2.637431316648799
0.47500000000000003,9.5284435803549368,2.5892340525888651
0.5,9.2363328024723295,2.5461619748835913
0.52500000000000002,8.9643088616366633,2.5075653575040588
0.55000000000000004,8.7102556999444758,2.4729076266405805
0.57500000000000007,8.4723528610222196,2.4417418294087501
0.60000000000000009,8.2490247113998869,2.413692647833857
0.625,8.0388999052225305,2.3884425136388243
0.65000000000000002,7.8407787395240254,2.3657207890496053
0.67500000000000004,7.6536066492057842,2.3452952633606023
0.70000000000000007,7.4764525240542232,2.3269654152101209
0.72500000000000009,7.3084908457664257,2.3105570331069973
0.75,7.1489868755811372,2.2959178894535572
0.77500000000000002,6.9972842963952848,2.282914238063229
0.80000000000000004,6.8527948436084145,2.2714279601152438
0.82500000000000007,6.7149895579220846,2.2613542242449194
0.85000000000000009,6.5833913691344073,2.2525995569611323
0.875,6.4575687785098834,2.2450802425827079
0.90000000000000002,6.3371304528536241,2.2387209893669633
0.92500000000000004,6.2217205791158516,2.2334538118870801
0.95000000000000007,6.1110148565189553,2.2292170900313866
0.97500000000000009,6.0047170255669577,2.2259547730018263
1,5.9025558511681631,2.2236157029374666
