kappa,duration,J,plateau_infections,plateau_new_Sq
-100,36.260770645190192,11.939018759346757,492.2368131689052,40.949974417865469
-81.854673070690296,36.260770645190192,11.939018759346757,492.2368131689052,40.949974417865469
-67.001875035095907,36.260770645190192,11.939018759346757,492.2368131689052,40.949974417865469
-54.844165761210178,36.260770645190192,11.939018759346757,492.2368131689052,40.949974417865469
-44.89251258218605,36.260770645190192,11.939018759346757,492.2368131689052,40.949974417865469
-36.7466194073669,36.260770645190192,11.939018759346757,492.2368131689052,40.949974417865469
-30.078825180430989,36.260770645190192,11.939018759346757,492.2368131689052,40.949974417865469
-24.620924014946254,36.260770645190192,11.939018759346757,492.2368131689052,40.949974417865469
-20.153376859417332,36.260770645190192,11.939018759346757,492.2368131689052,40.949974417865469
-16.496480740980207,36.260770645190192,11.939018759346757,492.2368131689052,40.949974417865469
-13.503140378698735,36.260770645190192,11.939018759346757,492.2368131689052,40.949974417865469
-11.052951411260215,36.260770645190192,11.939018759346757,492.2368131689052,40.949974417865469
-9.0473572423492978,36.260770645190192,11.939018759346757,492.2368131689052,40.949974417865469
-7.4056846922624384,36.260770645190192,11.939018759346757,492.2368131689052,40.949974417865469
-6.0618989934975724,36.260770645190192,11.939018759346757,492.2368131689052,40.949974417865469
-4.9619476030029031,36.260770645190192,11.939018759346757,492.2368131689052,40.949974417865469
-4.0615859883769794,36.260770645190192,11.939018759346757,492.2368131689052,40.949974417865469
-3.3245979322709416,36.260770645190192,11.939018759346757,492.2368131689052,40.949974417865469
-2.7213387683753085,36.260770645190192,11.939018759346757,492.2368131689052,40.949974417865469
-2.2275429519995575,36.260770645190192,11.939018759346757,492.2368131689052,40.949974417865469
-1.8233480008684413,36.260770645190192,11.939018759346757,492.2368131689052,40.949974417865469
-1.5,36.260770645190192,11.939018759346757,492.2368131689052,40.949974417865469
-1.4924955450518298,36.260770645190192,11.939018759346757,492.2368131689052,40.949974417865469
-1.49,36.260770645190192,11.939018759346757,492.2368131689052,40.949974417865469
-1.48,36.260770645190192,11.939018759346757,492.2368131689052,40.949974417865469
-1.47,36.260770645190192,11.939018759346757,492.2368131689052,40.949974417865469
-1.46,36.260770645190192,11.939018759346757,492.2368131689052,40.949974417865469
-1.45,36.260770645190192,11.939018759346757,492.2368131689052,40.949974417865469
-1.4399999999999999,36.260770645190192,11.939018759346757,492.2368131689052,40.949974417865469
-1.4299999999999999,36.260770645190192,11.939018759346757,492.2368131689052,40.949974417865469
-1.4199999999999999,36.260770645190192,11.939018759346757,492.2368131689052,40.949974417865469
-1.4099999999999999,36.260770645190192,11.939018759346757,492.2368131689052,40.949974417865469
-1.3999999999999999,36.260770645190192,11.939018759346757,492.2368131689052,40.949974417865469
-1.3899999999999999,36.260770645190192,11.939018759346757,492.2368131689052,40.949974417865469
-1.3799999999999999,36.260770645190192,11.939018759346757,492.2368131689052,40.949974417865469
-1.3700000000000001,36.260770645190192,11.939018759346757,492.2368131689052,40.949974417865469
-1.3599999999999999,36.260770645190192,11.939018759346757,492.2368131689052,40.949974417865469
-1.3500000000000001,36.260770645190192,11.939018759346757,492.2368131689052,40.949974417865469
-1.3400000000000001,36.260770645190192,11.939018759346757,492.2368131689052,40.949974417865469
-1.3300000000000001,36.260770645190192,11.939018759346757,492.2368131689052,40.949974417865469
-1.3200000000000001,36.260770645190192,11.939018759346757,492.2368131689052,40.949974417865469
-1.3100000000000001,36.260770645190192,11.939018759346757,492.2368131689052,40.949974417865469
-1.3,36.260770645190192,11.939018759346757,492.2368131689052,40.949974417865469
-1.29,36.260770645190192,11.939018759346757,492.2368131689052,40.949974417865469
-1.28,36.260770645190192,11.939018759346757,492.2368131689052,40.949974417865469
-1.27,36.260770645190192,11.939018759346757,492.2368131689052,40.949974417865469
-1.26,36.260770645190192,11.939018759346757,492.2368131689052,40.949974417865469
-1.25,36.260770645190192,11.939018759346757,492.2368131689052,40.949974417865469
-1.24,36.260770645190192,11.939018759346757,492.2368131689052,40.949974417865469
-1.23,36.260770645190192,11.939018759346757,492.2368131689052,40.949974417865469
-1.2216773489967918,36.260770645190192,11.939018759346757,492.2368131689052,40.949974417865469
-1.22,36.260770645190192,11.939018759346757,492.2368131689052,40.949974417865469
-1.21,36.260770645190192,11.939018759346757,492.2368131689052,40.949974417865469
-1.2,36.260770645190192,11.939018759346757,492.2368131689052,40.949974417865469
-1.1899999999999999,36.260770645190192,11.939018759346757,492.2368131689052,40.949974417865469
-1.1799999999999999,36.260770645190192,11.939018759346757,492.2368131689052,40.949974417865469
-1.1699999999999999,36.260770645190192,11.939018759346757,492.2368131689052,40.949974417865469
-1.1599999999999999,36.260770645190192,11.939018759346757,492.2368131689052,40.949974417865469
-1.1499999999999999,36.260770645190192,11.939018759346757,492.2368131689052,40.949974417865469
-1.1400000000000001,36.260770645190192,11.939018759346757,492.2368131689052,40.949974417865469
-1.1299999999999999,36.260770645190192,11.939018759346757,492.2368131689052,40.949974417865469
-1.1200000000000001,36.260770645190192,11.939018759346757,492.2368131689052,40.949974417865469
-1.1099999999999999,36.260770645190192,11.939018759346757,492.2368131689052,40.949974417865469
-1.1000000000000001,36.260770645190192,11.939018759346757,492.2368131689052,40.949974417865469
-1.0899999999999999,36.260770645190192,11.939018759346757,492.2368131689052,40.949974417865469
-1.0800000000000001,36.260770645190192,11.939018759346757,492.2368131689052,40.949974417865469
-1.0700000000000001,36.260770645190192,11.939018759346757,492.2368131689052,40.949974417865469
-1.0600000000000001,36.260770645190192,11.939018759346757,492.2368131689052,40.949974417865469
-1.05,36.260770645190192,11.939018759346757,492.2368131689052,40.949974417865469
-1.04,36.260770645190192,11.939018759346757,492.2368131689052,40.949974417865469
-1.03,36.260770645190192,11.939018759346757,492.2368131689052,40.949974417865469
-1.02,36.260770645190192,11.939018759346757,492.2368131689052,40.949974417865469
-1.01,36.260770645190192,11.939018759346757,492.2368131689052,40.949974417865469
-1,36.260770645190192,11.939018759346757,492.2368131689052,40.949974417865469
-0.98999999999999999,36.260770645190192,11.939018759346757,492.2368131689052,40.949974417865469
-0.97999999999999998,36.260770645190192,11.939018759346757,492.2368131689052,40.949974417865469
-0.96999999999999997,36.260770645190192,11.939018759346757,492.2368131689052,40.949974417865469
-0.95999999999999996,36.260770645190192,11.939018759346757,492.2368131689052,40.949974417865469
-0.94999999999999996,36.260770645190192,11.939018759346757,492.2368131689052,40.949974417865469
-0.93999999999999995,36.260770645190192,11.939018759346757,492.2368131689052,40.949974417865469
-0.92999999999999994,36.260770645190192,11.939018759346757,492.2368131689052,40.949974417865469
-0.92000000000000004,36.260770645190192,11.939018759346757,492.2368131689052,40.949974417865469
-0.91000000000000003,36.260770645190192,11.939018759346757,492.2368131689052,40.949974417865469
-0.90000000000000002,36.260770645190192,11.939018759346757,492.2368131689052,40.949974417865469
-0.89000000000000001,36.260770645190192,11.939018759346757,492.2368131689052,40.949974417865469
-0.88,36.260770645190192,11.939018759346757,492.2368131689052,40.949974417865469
-0.87,36.260770645190192,11.939018759346757,492.2368131689052,40.949974417865469
-0.85999999999999999,36.260770645190192,11.939018759346757,492.2368131689052,40.949974417865469
-0.84999999999999998,36.260770645190192,11.939018759346757,492.2368131689052,40.949974417865469
-0.83999999999999997,36.260770645190192,11.939018759346757,492.2368131689052,40.949974417865469
-0.82999999999999996,36.260770645190192,11.939018759346757,492.2368131689052,40.949974417865469
-0.81999999999999995,36.260770645190192,11.939018759346757,492.2368131689052,40.949974417865469
-0.81854673070690287,36.260770645190192,11.939018759346757,492.2368131689052,40.949974417865469
-0.80999999999999994,36.260770645190192,11.939018759346757,492.2368131689052,40.949974417865469
-0.79999999999999993,36.260770645190192,11.939018759346757,492.2368131689052,40.949974417865469
-0.79000000000000004,36.260770645190192,11.939018759346757,492.2368131689052,40.949974417865469
-0.78000000000000003,36.260770645190192,11.939018759346757,492.2368131689052,40.949974417865469
-0.77000000000000002,36.260770645190192,11.939018759346757,492.2368131689052,40.949974417865469
-0.76000000000000001,36.260770645190192,11.939018759346757,492.2368131689052,40.949974417865469
-0.75,36.260770645190192,11.939018759346757,492.2368131689052,40.949974417865469
-0.73999999999999999,36.260770645190192,11.939018759346757,492.2368131689052,40.949974417865469
-0.72999999999999998,36.260770645190192,11.939018759346757,492.2368131689052,40.949974417865469
-0.71999999999999997,36.260770645190192,11.939018759346757,492.2368131689052,40.949974417865469
-0.70999999999999996,36.260770645190192,11.939018759346757,492.2368131689052,40.949974417865469
-0.69999999999999996,36.260770645190192,11.939018759346757,492.2368131689052,40.949974417865469
-0.68999999999999995,36.260770645190192,11.939018759346757,492.2368131689052,40.949974417865469
-0.67999999999999994,36.260770645190192,11.939018759346757,492.2368131689052,40.949974417865469
-0.67001875035095904,36.260770645190192,11.939018759346757,492.2368131689052,40.949974417865469
-0.66999999999999993,36.260770645190192,11.939018759346757,492.2368131689052,40.949974417865469
-0.66000000000000003,36.260770645190192,11.939018759346757,492.2368131689052,40.949974417865469
-0.65000000000000002,36.260770645190192,11.939018759346757,492.2368131689052,40.949974417865469
-0.64000000000000001,36.260770645190192,11.939018759346757,492.2368131689052,40.949974417865469
-0.63,36.260770645190192,11.939018759346757,492.2368131689052,40.949974417865469
-0.62,36.212443793898004,11.908906864557066,491.6909247904681,41.495862796302525
-0.60999999999999999,36.061418647389395,11.816102314884867,489.98498140441245,43.201806182358169
-0.59999999999999998,35.82726965459328,11.674504208026976,487.34009123316298,45.846696353607655
-0.58999999999999997,35.52530574717855,11.494886552096711,483.92918025184292,49.257607334927727
-0.57999999999999996,35.167771715880676,11.285771272849081,479.89056264356486,53.296224943205686
-0.56999999999999995,34.764547597276575,11.053952299470284,475.335840902629,57.850946684141604
-0.55999999999999994,34.323481978344162,10.804779283376508,470.35367076190073,62.833116824869897
-0.54999999999999993,33.851213271398798,10.54269455106089,465.01903811508794,68.167749471682683
-0.54844165761210206,33.775157886955569,10.500923547775017,464.15993495866451,69.026852628106056
-0.54000000000000004,33.353047765236475,10.27121469062161,459.39188151206326,73.794906074707356
-0.53000000000000003,32.833413770744215,9.9932274648573021,453.52222207741249,79.66456550935807
-0.52000000000000002,32.295928114542406,9.7110617379220656,447.45091460647416,85.735872980296364
-0.51000000000000001,31.743648494230026,9.4266496844117338,441.21249810891743,91.974289477853191
-0.5,31.17894627964143,9.1414850936341452,434.83375900262229,98.353028584148291
-0.48999999999999999,30.603776656219559,8.8567848547764285,428.33678258763337,104.8500049991372
-0.47999999999999998,30.019672464287311,8.5735020522619951,421.73888345606451,111.44790413070605
-0.46999999999999997,29.417289162425185,8.2874268798201278,414.93450793689567,118.25227964987494
-0.45999999999999996,28.551669353924986,7.8848973091437049,405.15667675256691,128.0301108342037
-0.44999999999999996,27.722636071049148,7.5076637140540967,395.79211807848253,137.39466950828805
-0.44892512582186078,27.635257494768098,7.4683887995178679,394.80511089633012,138.38167669044046
-0.43999999999999995,26.918222474684882,7.149675676718136,386.70565740557299,146.48113018119761
-0.42999999999999994,26.146115136963566,6.8137955585364249,377.98412038633455,155.20266720043603
-0.41999999999999993,25.401626371289446,6.4973656537635058,369.57455605115206,163.61223153561855
-0.40999999999999992,24.682138145590642,6.1987497548673867,361.4473917453995,171.73939584137102
-0.39999999999999991,23.986744136633842,5.9170875545823822,353.59238986188893,179.5943977248817
-0.3899999999999999,23.31451270114162,5.6515325598796462,345.99902678436126,187.18776080240929
-0.37999999999999989,22.664608879439768,5.4013005018769196,338.65787101106514,194.52891657570549
-0.36999999999999988,22.036160418620785,5.1656156478665247,331.55906978494016,201.62771780183041
-0.36746619407366882,21.879898720438792,5.1079969587364022,329.79397558261667,203.39281200415391
-0.35999999999999988,21.42723884527804,4.9433461063313402,324.68083953861856,208.50594804815208
-0.34999999999999987,20.838399684651719,4.734296132088712,318.02945535033177,215.1573322364388
-0.34000000000000008,20.266547723447157,4.536997636416972,311.56995444222127,221.61683314454933
-0.33000000000000007,19.71441509328637,4.352020807966424,305.33319830972761,227.85358927704297
-0.32000000000000006,19.176970968835544,4.1773347289792895,299.2623599713645,233.9244276154061
-0.31000000000000005,18.655846031605304,4.013167357519503,293.37585920954643,239.81092837722414
-0.3007882518043099,18.189896944025534,3.8708580832287045,288.11261144868388,245.07417613808676
-0.30000000000000004,18.15040058319191,3.858993372256049,287.66647014642365,245.52031744034696
-0.29000000000000004,17.658443569529052,3.713856702309009,282.1094431672509,251.07734441951965
-0.28000000000000003,17.181871213006328,3.5780271574635929,276.72619753973839,256.46059004703221
-0.27000000000000002,16.718589814089402,3.4506159351481478,271.49308334229647,261.69370424447413
-0.26000000000000001,16.268211758502094,3.3312561895824824,266.40572217817407,266.78106540859648
-0.25,15.830357546196442,3.2195938041877978,261.45982730697222,271.72696027979833
-0.24620924014946255,15.667467689538331,3.1791799857935237,259.61986303581938,273.56692455095123
-0.23999999999999999,15.404740392582811,3.1153079084346187,256.65215927959753,276.53462830717308
-0.22999999999999998,14.990951513917878,3.018057908080876,251.97810057413818,281.20868701263237
-0.21999999999999997,14.588534891099872,2.9275049970188483,247.43250010954202,285.75428747722856
-0.20999999999999996,14.196965584682911,2.8433088353842084,243.00942829728362,290.17735928948696
-0.2015337685941733,13.873566666860876,2.7767589678520253,239.35639264282318,293.8303949439474
-0.19999999999999996,13.815749862461296,2.76515124788079,238.70330805824563,294.48347952852498
-0.18999999999999995,13.44441904742332,2.6927337534611562,234.50884533069853,298.67794225607207
-0.17999999999999994,13.082526224203772,2.6257759578955624,230.42099186718801,302.76579571958257
-0.16999999999999993,12.729646271804775,2.5640146865974311,226.43494560414138,306.75184198262923
-0.16496480740980207,12.555245949988763,2.5348048245619879,224.46496191330584,308.72182567346476
-0.15999999999999992,12.385371516433111,2.5072023958584011,222.54610155737365,310.64068602939693
-0.14999999999999991,12.049312701537065,2.4551066244045159,218.75006277938817,314.4367248073824
-0.1399999999999999,11.721088202433359,2.4075077193513863,215.04251853042109,318.14426905634951
-0.13503140378698736,11.560808399160834,2.3854659956335817,213.2320367885909,319.9547507981797
-0.12999999999999989,11.400341910084123,2.3642009208291421,211.41944628924392,321.76734129752668
-0.11999999999999988,11.08672265802667,2.3249927364062577,207.87687936475731,325.30990822201329
-0.11052951411260221,10.795961720707842,2.2914735774944255,204.59251441355943,328.59427317321121
-0.10999999999999988,10.77987845822639,2.2897001616835242,204.41084178558509,328.77594580118551
-0.099999999999999867,10.479485702341787,2.2581537199612907,201.01767815047373,332.16910943629688
-0.090473572423493021,10.199008699816309,2.2314377250142226,197.84947802976214,335.33730955700844
-0.09000000000000008,10.185205412514803,2.2301921617542062,197.69355944784249,335.49322813892809
-0.080000000000000071,9.8967103791270112,2.2056654321849321,194.4347895972881,338.75199798948245
-0.074056846922624417,9.7278579971674102,2.1926580806564657,192.52747408803077,340.65931349873983
-0.070000000000000062,9.6136678061231233,2.1844328640300139,191.2376094153729,341.94917817139765
-0.06061898993497572,9.3528008588381049,2.1673923869984315,188.29091971733612,344.89586786943443
-0.060000000000000053,9.3357379552350732,2.166363332032168,188.09818130110929,345.08860628566129
-0.050000000000000044,9.0625692871272339,2.1513352626948286,185.01253435151574,348.17425323525481
-0.049619476030029031,9.0522637277890432,2.1508219463243949,184.89612525542134,348.29066233134921
-0.040615859883769798,8.8102242804302922,2.1398991550983517,182.16210642523473,351.02468116153591
-0.040000000000000036,8.793791747525372,2.1392367937129566,181.97648852335973,351.21029906341084
-0.033245979322709417,8.6145380578622195,2.1326710105293096,179.95168236772062,353.23510521904996
-0.030000000000000027,8.5289971914675426,2.1299658563592963,178.9854335102487,354.20135407652191
-0.027213387683753087,8.4558601342416395,2.1278735901339676,178.15929506950241,355.02749251726817
-0.022275429519995588,8.3269039028419591,2.1246823186069737,176.70263679018461,356.48415079658599
-0.020000000000000018,8.2677393815518592,2.1234316855030677,176.03432872283739,357.15245886393319
-0.018233480008684425,8.2219153074511269,2.1225556673082551,175.51671110788072,357.67007647888988
-0.014924955450518291,8.1363356289264566,2.1211367445100251,174.55002383801198,358.6367637487586
-0.012216773489967919,8.0665063726366473,2.120189062618671,173.76124951350573,359.42553807326487
-0.010000000000000009,8.0094869220017522,2.1195556498381634,173.11717164345657,360.06961594331403
-0.01,8.0094869220017486,2.1195556498381634,173.11717164345652,360.06961594331403
-0.008185467307069037,7.9629012765101521,2.1191320497402364,172.59095150297816,360.59583608379245
-0.0067001875035095906,7.9248228454123577,2.118848634861894,172.16082679074054,361.02596079603001
-0.0054844165761210152,7.893691705708358,2.1186589723379119,171.8091769952849,361.37761059148568
-0.0044892512582186076,7.8682288246411929,2.1185319918207046,171.52155447313771,361.66523311363289
-0.0036746619407366878,7.8474006949358941,2.1184469727097262,171.28628497705657,361.90050260971401
-0.0030078825180431018,7.8303622442290752,2.1183900432310532,171.09382277480819,362.09296481196247
-0.0024620924014946257,7.8164214010633426,2.1183519157966675,170.93635039524477,362.2504371915258
-0.0020153376859417351,7.8050141340761776,2.1183263787524709,170.8074966770422,362.37929090972841
-0.0016496480740980206,7.7956787695150318,2.1183092723908379,170.70204666558601,362.4847409211846
-0.0013503140378698722,7.7880407682715198,2.1182978156931234,170.61576965804599,362.57101792872459
-0.0011052951411260222,7.7817874177661359,2.1182901381968895,170.54513332905066,362.64165425771989
-0.00090473572423492934,7.7766709367972329,2.1182849962522061,170.48733880230753,362.69944878446307
-0.00074056846922624427,7.7724850559931955,2.1182815529160957,170.44005610907698,362.74673147769363
-0.00060618989934975724,7.7690549533260072,2.1182792432421707,170.40131050217735,362.78547708459325
-0.00049619476030029076,7.7662502024209825,2.1182776973792885,170.36962871694772,362.81715886982289
-0.00040615859883769796,7.7639535059578346,2.1182766612248871,170.34368579133789,362.84310179543269
-0.00033245979322709448,7.7620748001791817,2.1182759674577456,170.32246438701199,362.86432319975864
-0.00027213387683753089,7.7605380037750624,2.1182755029352629,170.30510510796523,362.88168247880537
-0.00022275429519995563,7.7592782948814669,2.1182751912860773,170.29087574216049,362.89591184461011
-0.00018233480008684422,7.7582465926818891,2.1182749823526534,170.27922188461133,362.90756570215927
-0.00014924955450518291,7.7574023433957233,2.1182748424093902,170.26968544965854,362.91710213711207
-0.00012216773489967932,7.7567111784528375,2.1182747486474436,170.26187821827855,362.92490936849202
-0.0001,7.756145872953164,2.1182746858693147,170.25549266461041,362.93129492216019
0,7.7535970440263728,2.118274558493257,170.22670171190907,362.96008587486153
0.0001,7.751050341824838,2.1182746858935673,170.1979347821798,362.98885280459075
0.00012216773489967918,7.7504860823681465,2.1182747485917837,170.19156104435922,362.99522654241133
0.00014924955450518291,7.7497967716530791,2.1182748421630384,170.18377475788645,363.00301282888415
0.00018233480008684403,7.7489550686928794,2.1182749817376063,170.17426708561351,363.01252050115704
0.00022275429519995563,7.7479270988747793,2.1182751899796064,170.16265538813934,363.02413219863126
0.00027213387683753089,7.7466717243415193,2.1182755006530827,170.14847498221656,363.03831260455405
0.00033245979322709415,7.7451387337986208,2.1182759641171955,170.13115869325409,363.05562889351648
0.00040615859883769796,7.7432667951083296,2.1182766555064823,170.11001372831527,363.07677385845528
0.00049619476030029032,7.7409820489123575,2.1182776863922177,170.08420579002194,363.10258179674867
0.00060618989934975724,7.7381998888083974,2.1182792199149167,170.0527791849961,363.13400840177451
0.00074056846922624351,7.7348057733163582,2.1182815055053248,170.01444008048924,363.17234750628137
0.00090473572423492934,7.7306644026892144,2.1182849124947247,169.96766016340985,363.21912742336076
0.0011052951411260222,7.7256166724618609,2.1182899853953971,169.91064222835053,363.27614535842008
0.0013503140378698722,7.7194666249133075,2.118297536382129,169.84117278447363,363.34561480229695
0.0016496480740980206,7.7119790820708083,2.1183087665791058,169.75659531850016,363.43019226827045
0.002015337685941733,7.7028738850651504,2.1183254512207346,169.65374522386608,363.5330423629045
0.0024620924014946257,7.6918037052515587,2.1183502328102222,169.5286991605314,363.6580884262392
0.0030078825180430988,7.6783698339531021,2.1183869704645137,169.37695341208797,363.80983417468258
0.0036746619407366878,7.6620783576706728,2.1184413976537972,169.19292885157211,363.9938587351985
0.0044892512582186076,7.6423636953348968,2.1185218606952523,168.9702368125472,364.21655077422344
0.0054844165761210152,7.6185512682927943,2.1186405865690356,168.70125741833689,364.48553016843368
0.0067001875035095906,7.5898569399486835,2.118815359374798,168.37713325234475,364.80965433442583
0.0081854673070690283,7.5553878836340331,2.1190718310702459,167.98777916130132,365.19900842546923
0.01,7.514120797743626,2.1194469231434816,167.52163617873174,365.66515140803887
0.010000000000000009,7.5141207977436295,2.1194469231434816,167.5216361787318,365.66515140803881
0.012216773489967919,7.4649259140686794,2.1199931553059916,166.96594271725729,366.22084486951331
0.014924955450518291,7.4065801609780131,2.1207845324103936,166.30688325669399,366.87990433007661
0.018233480008684404,7.3378036412836956,2.1219240541732525,165.53000038916593,367.65678719760467
0.020000000000000018,7.3021604213849436,2.1226053285241484,165.12738323136344,368.05940435540714
0.022275429519995563,7.257317227857973,2.1235529882023427,164.62084540521016,368.56594218156044
0.027213387683753087,7.1639472733034779,2.1258612008745601,163.56616106878755,369.62062651798306
0.030000000000000027,7.1135265551281179,2.1273032020708182,162.99662087842907,370.19016670834151
0.033245979322709417,7.0567557198898392,2.1290979081221169,162.35535130753627,370.83143627923431
0.040000000000000036,6.9450180035838756,2.1331853646926109,161.09318919406161,372.093598392709
0.040615859883769798,6.9352372287927917,2.1335796045169793,160.98270793679364,372.2040796499769
0.049619476030029031,6.7995756074147895,2.1396903021498987,159.45030720034941,373.73648038642119
0.050000000000000044,6.7941304148283326,2.1399615254779074,159.38879962698556,373.79798795978508
0.060000000000000053,6.6588723719624756,2.1473884261221912,157.86095761542566,375.32582997134494
0.06061898993497572,6.6509752588786153,2.1478646942336854,157.77175374344944,375.41503384332117
0.070000000000000062,6.5376237055994153,2.1552585091399905,156.49136211936471,376.69542546740593
0.074056846922624348,6.4921215561950714,2.1585352679740297,155.97738088761511,377.20940669915547
0.080000000000000071,6.4290690269653084,2.1633900254788037,155.26515482658982,377.92163276018078
0.09000000000000008,6.3321214957197878,2.1716212914130963,154.17005905250102,379.01672853426959
0.090473572423492937,6.3278019568344916,2.172011071971605,154.12126659003673,379.06552099673388
0.10000000000000009,6.2458926155022709,2.1798044274377384,153.19603855793605,379.99074902883456
0.1100000000000001,6.1696643164581353,2.1878003259144996,152.33498220016449,380.85180538660609
0.11052951411260209,6.1658954116407489,2.1882159022386514,152.29240956643739,380.89437802033325
0.12000000000000011,6.1028745586768149,2.1954734792046646,151.58054131281989,381.60624627395072
0.13000000000000012,6.045119447209629,2.2026854643105223,150.92815359662762,382.25863399014298
0.13503140378698722,6.0193978808357578,2.2060930455469903,150.63760902806467,382.54917855870588
0.14000000000000012,5.9961753963599946,2.2092856081578622,150.37529348184569,382.81149410492486
0.15000000000000013,5.9560735744414863,2.215092909960271,149.92231303817658,383.26447454859397
0.16000000000000014,5.9252861232811664,2.2198568084444008,149.57454546506276,383.61224212170782
0.16496480740980207,5.9138760546385143,2.2217095742376198,149.44566010004002,383.74112748673053
0.16999999999999993,5.9055369874629111,2.2231046668346983,149.35146402194994,383.83532356482067
0.17999999999999994,5.9025558511681631,2.2236157029374666,149.31778983018432,383.86899775658623
0.18999999999999995,5.9025558511681631,2.2236157029374666,149.31778983018432,383.86899775658623
0.20000000000000001,5.9025558511681631,2.2236157029374666,149.31778983018432,383.86899775658623
0.2015337685941733,5.9025558511681631,2.2236157029374666,149.31778983018432,383.86899775658623
0.24620924014946255,5.9025558511681631,2.2236157029374666,149.31778983018432,383.86899775658623
0.3007882518043099,5.9025558511681631,2.2236157029374666,149.31778983018432,383.86899775658623
0.36746619407366882,5.9025558511681631,2.2236157029374666,149.31778983018432,383.86899775658623
0.44892512582186028,5.9025558511681631,2.2236157029374666,149.31778983018432,383.86899775658623
0.54844165761210151,5.9025558511681631,2.2236157029374666,149.31778983018432,383.86899775658623
0.67001875035095904,5.9025558511681631,2.2236157029374666,149.31778983018432,383.86899775658623
0.81854673070690287,5.9025558511681631,2.2236157029374666,149.31778983018432,383.86899775658623
1,5.9025558511681631,2.2236157029374666,149.31778983018432,383.86899775658623
1.2216773489967905,5.9025558511681631,2.2236157029374666,149.31778983018432,383.86899775658623
1.4924955450518291,5.9025558511681631,2.2236157029374666,149.31778983018432,383.86899775658623
1.8233480008684422,5.9025558511681631,2.2236157029374666,149.31778983018432,383.86899775658623
2.2275429519995562,5.9025558511681631,2.2236157029374666,149.31778983018432,383.86899775658623
2.7213387683753085,5.9025558511681631,2.2236157029374666,149.31778983018432,383.86899775658623
3.324597932270938,5.9025558511681631,2.2236157029374666,149.31778983018432,383.86899775658623
4.0615859883769794,5.9025558511681631,2.2236157029374666,149.31778983018432,383.86899775658623
4.9619476030028977,5.9025558511681631,2.2236157029374666,149.31778983018432,383.86899775658623
6.0618989934975724,5.9025558511681631,2.2236157029374666,149.31778983018432,383.86899775658623
7.405684692262442,5.9025558511681631,2.2236157029374666,149.31778983018432,383.86899775658623
9.0473572423492925,5.9025558511681631,2.2236157029374666,149.31778983018432,383.86899775658623
11.052951411260221,5.9025558511681631,2.2236157029374666,149.31778983018432,383.86899775658623
13.503140378698722,5.9025558511681631,2.2236157029374666,149.31778983018432,383.86899775658623
16.496480740980207,5.9025558511681631,2.2236157029374666,149.31778983018432,383.86899775658623
20.15337685941731,5.9025558511681631,2.2236157029374666,149.31778983018432,383.86899775658623
24.620924014946254,5.9025558511681631,2.2236157029374666,149.31778983018432,383.86899775658623
30.078825180430957,5.9025558511681631,2.2236157029374666,149.31778983018432,383.86899775658623
36.746619407366879,5.9025558511681631,2.2236157029374666,149.31778983018432,383.86899775658623
44.892512582186079,5.9025558511681631,2.2236157029374666,149.31778983018432,383.86899775658623
54.844165761210149,5.9025558511681631,2.2236157029374666,149.31778983018432,383.86899775658623
67.001875035095907,5.9025558511681631,2.2236157029374666,149.31778983018432,383.86899775658623
81.854673070690211,5.9025558511681631,2.2236157029374666,149.31778983018432,383.86899775658623
100,5.9025558511681631,2.2236157029374666,149.31778983018432,383.86899775658623
