metric,expectation,minimum,maximum,range_or_max_abs,tolerance,passed
control_end_rel,invariant,85.07107716638396,85.07108117035924,4.003975277555583e-06,0.0001,True
control_duration,invariant,85.07107716638396,85.07108117035924,4.003975277555583e-06,0.0001,True
J,invariant,40.76864984009255,40.76865460751499,4.767422439044822e-06,0.0001,True
q_start,invariant,0.8453598505859481,0.8453598644466267,1.3860678604871168e-08,1e-06,True
q_max_theory,invariant,0.8453598505859481,0.8453598644466267,1.3860678604871168e-08,1e-06,True
cum_fraction_t2,invariant,0.16087011517918312,0.16087013825970703,2.3080523908758366e-08,1e-06,True
clear_time_fractional_rel,invariant,237.45599953844987,237.45600354242515,4.003975277555583e-06,0.0001,True
max_i_collapse_error,zero,0.0,3.001816253249759e-10,3.001816253249759e-10,1e-07,True
max_q_collapse_error,zero,0.0,9.349052795148971e-06,9.349052795148971e-06,0.0001,True
