eta,eta_fraction,c0,t1,t2,control_duration,clear_time,peak_I,cum_total_infections,q_start,q_mean_control,q_min_theory,q_max_theory,J_c,J_q,J,raw_c_cost,raw_q_cost,w_c,w_q,plateau_max_error,q_was_clipped,status,S_star,Sc,Sbar,S_end,C2,clear_time_method,N_eff,eta_scenario,eta_scenario_label,I0_fit,I0_fraction,S0_fit,fit_objective,fit_raw_rmse,cum_total_fraction,clear_tail_duration
100.0,0.002,12.8872,11.387656142442008,96.45873731280125,85.07108117035924,176.45652393581304,100.0,9028.204358815612,0.8453598644466267,0.6139905544485198,0.323,0.8453598644466267,0.0,36.80227537003575,40.76865460751499,0.0,24.75488107729787,1.0,2.0,0.0,0.0,ok,49458.48940628461,11297.293214258392,6502.557033646203,8507.436942398348,-22393.15761806671,phase_formula,50000.0,eta100,$\eta=100$,0.00100662823352,2.01325646704e-08,49999.998993371766,,,0.18056408717631225,79.99778662301179
520.0,0.0104,12.8872,13.078313442472592,29.02859702845324,15.950283585980648,78.85917675638744,520.0,10446.311770118435,0.8378374682757028,0.5951010014614799,0.323,0.8378374682757028,0.0,6.763627934926484,7.359440193934893,0.0,4.340088137339938,1.0,2.0,0.0,0.0,ok,47164.208801674606,11297.293214258392,6502.557033646203,5658.71802719204,-21973.15761806671,phase_formula,50000.0,eta520,$\eta=520$,0.00100662823352,2.01325646704e-08,49999.998993371766,,,0.20892623540236868,49.8305797279342
100.0,0.002,12.8872,11.387656142442008,96.45873731280125,85.07108117035924,176.45652393581304,100.0,9028.204358815612,0.8453598644466267,0.6139905544485198,0.323,0.8453598644466267,0.0,36.80227537003575,40.76865460751499,0.0,24.75488107729787,1.0,2.0,0.0,0.0,ok,49458.48940628461,11297.293214258392,6502.557033646203,8507.436942398348,-22393.15761806671,phase_formula,50000.0,eta_fraction_0p002,$\eta=0.002N_{\rm eff}$,0.00100662823352,2.01325646704e-08,49999.998993371766,,,0.18056408717631225,79.99778662301179
100.0,0.001,12.8872,11.380668703916449,182.01078229842255,170.6301135945061,292.76193052418165,100.0,17420.48861988672,0.8462024865188685,0.6155813583901829,0.323,0.8462024865188685,0.0,73.98134821273209,82.11923769677166,0.0,49.92319041775181,1.0,2.0,0.0,0.0,ok,99458.9227476848,22594.586428516785,13005.114067292407,18539.34275075559,-48628.62751137903,phase_formula,100000.0,eta100,$\eta=100$,0.00100662823352,1.00662823352e-08,99999.99899337177,,,0.1742048861988672,110.7511482257591
520.0,0.0052,12.8872,13.040078454750205,45.45435480001031,32.4142763452601,112.20622985191967,520.0,19406.169463867336,0.8425905929840951,0.6060057269560432,0.323,0.8425905929840951,0.0,13.919726613893804,15.31857522279163,0.0,9.173425840844411,1.0,2.0,0.0,0.0,ok,97176.7526610419,22594.586428516785,13005.114067292407,14079.419744214218,-48208.62751137903,phase_formula,100000.0,eta520,$\eta=520$,0.00100662823352,1.00662823352e-08,99999.99899337177,,,0.19406169463867337,66.75187505190937
200.0,0.002,12.8872,12.072873685453137,97.14395284619118,85.07107916073805,186.63471029322235,200.0,18060.907350435627,0.8453598574898622,0.6130241132952663,0.323,0.8453598574898622,0.0,36.80227381945164,40.76865221471469,0.0,24.67266430066445,1.0,2.0,0.0,0.0,ok,98916.97436261136,22594.586428516785,13005.114067292407,17002.131568058543,-48528.62751137903,phase_formula,100000.0,eta_fraction_0p002,$\eta=0.002N_{\rm eff}$,0.00100662823352,1.00662823352e-08,99999.99899337177,,,0.1806090735043563,89.49075744703117
100.0,0.0003333333333333333,12.8872,11.37606820644904,524.2359290565539,512.8598608501048,711.9969512474235,100.0,50320.5685307313,0.8467584110403045,0.6166478457124953,0.323,0.8467584110403045,0.0,222.69371219770574,247.51705268929467,0.0,150.6001932910434,1.0,2.0,0.0,0.0,ok,299459.20913406304,67783.75928555035,39015.34220187722,60562.923207318825,-163880.15640089536,phase_formula,300000.0,eta100,$\eta=100$,0.00100662823352,3.355427445066667e-09,299999.9989933718,,,0.16773522843577102,187.76102219086954
520.0,0.0017333333333333333,12.8872,13.015476684103026,111.24970042350395,98.23422373940093,220.81965642177562,520.0,53739.39605122696,0.8455855887285499,0.61342870567786,0.323,0.8455855887285499,0.0,42.522264037096086,47.130432553816334,0.0,28.530038453903536,1.0,2.0,0.0,0.0,ok,297184.7294463131,67783.75928555035,39015.34220187722,52040.58680848281,-163460.15640089536,phase_formula,300000.0,eta520,$\eta=520$,0.00100662823352,3.355427445066667e-09,299999.9989933718,,,0.17913132017075653,109.56995599827167
600.0,0.002,12.8872,13.158776710544803,98.22985453153535,85.07107782099055,202.7380201280426,600.0,54191.69703044038,0.8453598528520189,0.6132878491303053,0.323,0.8453598528520189,0.0,36.80227278572887,40.768650619514446,0.0,24.695100203852167,1.0,2.0,0.0,0.0,ok,296750.91418791824,67783.75928555035,39015.34220187722,50980.974235479276,-163380.15640089536,phase_formula,300000.0,eta_fraction_0p002,$\eta=0.002N_{\rm eff}$,0.00100662823352,3.355427445066667e-09,299999.9989933718,,,0.18063899010146794,104.50816559650724
100.0,0.0001,12.8872,11.37445736086456,1722.0344557054796,1710.659998344615,2060.3815526044546,100.0,163744.17500869115,0.8469518981325233,0.6170222114697672,0.323,0.8469518981325233,0.0,743.1845339251081,826.4065778861254,0.0,502.9720357861521,1.0,2.0,0.0,0.0,ok,999459.3089008721,225945.86428516783,130051.14067292407,212537.71646506398,-611503.1979835926,phase_formula,1000000.0,eta100,$\eta=100$,0.00100662823352,1.0066282335200001e-09,999999.9989933717,,,0.16374417500869115,338.347096898975
520.0,0.00052,12.8872,13.00700287671575,341.5896314684148,328.582628591699,535.2650891120697,520.0,169974.9477237872,0.8466032141961954,0.6160536764285979,0.323,0.8466032141961954,0.0,142.61802302055312,158.45691924971223,0.0,96.29234731936992,1.0,2.0,0.0,0.0,ok,997187.4529150976,225945.86428516783,130051.14067292407,196047.86591877486,-611083.1979835926,phase_formula,1000000.0,eta520,$\eta=520$,0.00100662823352,1.0066282335200001e-09,999999.9989933717,,,0.16997494772378718,193.67545764365497
2000.0,0.002,12.8872,14.348914891409905,99.41999224348879,85.07107735207889,220.37037200710535,2000.0,180649.44609339966,0.8453598512287737,0.6138716030820071,0.323,0.8453598512287737,0.0,36.802272423925885,40.768650061194336,0.0,24.74476064531261,1.0,2.0,0.0,0.0,ok,989169.7035764923,225945.86428516783,130051.14067292407,169906.9638018778,-609603.1979835926,phase_formula,1000000.0,eta_fraction_0p002,$\eta=0.002N_{\rm eff}$,0.00100662823352,1.0066282335200001e-09,999999.9989933717,,,0.18064944609339967,120.95037976361655
100.0,3.3333333333333335e-05,12.8872,11.374003084282672,5144.318978188637,5132.944975104354,5726.46771892129,100.0,485107.2853112894,0.8470070773598571,0.6171292779409825,0.323,0.8470070773598571,0.0,2230.3004699649728,2480.3758447745968,0.0,1509.7493992382374,1.0,2.0,0.0,0.0,ok,2999459.337361329,677837.5928555035,390153.4220187722,654413.4277928817,-2012652.3326183609,phase_formula,3000000.0,eta100,$\eta=100$,0.00100662823352,3.355427445066667e-10,2999999.9989933716,,,0.16170242843709648,582.1487407326531
520.0,0.00017333333333333334,12.8872,13.004606850881487,999.7195915783803,986.7149847274989,1329.745260173954,520.0,495895.04344554467,0.8468911473174487,0.6168061720948632,0.323,0.8468911473174487,0.0,428.6022454086305,476.5283804699042,0.0,289.90295261142785,1.0,2.0,0.0,0.0,ok,2997188.22473727,677837.5928555035,390153.4220187722,625012.4935840537,-2012232.3326183609,phase_formula,3000000.0,eta520,$\eta=520$,0.00100662823352,3.355427445066667e-10,2999999.9989933716,,,0.16529834781518155,330.0256685955736
6000.0,0.002,12.8872,15.434849665716149,100.50592688382028,85.07107721810414,236.45512823643122,6000.0,541957.2978889493,0.8453598507649893,0.6141354341083556,0.323,0.8453598507649893,0.0,36.802272320553605,40.76864990167432,0.0,24.767204995958195,1.0,2.0,0.0,0.0,ok,2967509.101829561,677837.5928555035,390153.4220187722,509695.51688662637,-2006752.3326183609,phase_formula,3000000.0,eta_fraction_0p002,$\eta=0.002N_{\rm eff}$,0.00100662823352,3.355427445066667e-10,2999999.9989933716,,,0.18065243262964975,135.94920135261094
100.0,7.597052343690648e-06,12.8872,11.373823051462153,22534.659318906786,22523.285495855325,23748.31723150964,100.0,2109306.4442905793,0.8470283667848927,0.6171706223870767,0.323,0.8470283667848927,0.0,9787.079735624646,10885.020254903624,0.0,6625.6889125175785,1.0,2.0,0.0,0.0,ok,13162459.348343061,2974125.4115856644,1711863.1646776996,2924758.332178822,-9882126.927778926,phase_formula,13163000.0,eta100,$\eta=100$,0.00100662823352,7.647407380688293e-11,13162999.998993373,,,0.16024511466159533,1213.6579126028555
520.0,3.950467218719137e-05,12.8872,13.003683015401101,4344.015164201399,4331.011481185998,5027.374823368499,520.0,2131901.5351958824,0.847001971112734,0.6170969599656438,0.323,0.847001971112734,0.0,1881.829176910433,2092.8063244388586,0.0,1273.737310193102,1.0,2.0,0.0,0.0,ok,13160188.521952104,2974125.4115856644,1711863.1646776996,2861904.690006051,-9881706.927778926,phase_formula,13163000.0,eta520,$\eta=520$,0.00100662823352,7.647407380688293e-11,13162999.998993373,,,0.1619616755447757,683.3596591671003
26326.0,0.002,12.8872,16.89665199090205,101.96772915728602,85.07107716638396,258.1042599465345,26326.0,2377943.137853995,0.8453598505859481,0.6155532212101229,0.323,0.8453598505859481,0.0,36.802272280647344,40.76864984009255,0.0,24.88781765684055,1.0,2.0,0.0,0.0,ok,13020440.754052531,2974125.4115856644,1711863.1646776996,2236331.0553641412,-9855900.927778926,phase_formula,13163000.0,eta_fraction_0p002,$\eta=0.002N_{\rm eff}$,0.00100662823352,7.647407380688293e-11,13162999.998993373,,,0.18065358488596786,156.1365307892485
