kappa,dT,J,inf,Sq
-100,308.7938547,109.3648075,3545914.863,6500400.479
-81.85467307,308.7938547,109.3648075,3545914.863,6500400.479
-67.00187504,308.7938547,109.3648075,3545914.863,6500400.479
-54.84416576,308.7938547,109.3648075,3545914.863,6500400.479
-44.89251258,308.7938547,109.3648075,3545914.863,6500400.479
-36.74661941,308.7938547,109.3648075,3545914.863,6500400.479
-30.07882518,308.7938547,109.3648075,3545914.863,6500400.479
-24.62092401,308.7938547,109.3648075,3545914.863,6500400.479
-20.15337686,308.7938547,109.3648075,3545914.863,6500400.479
-16.49648074,308.7938547,109.3648075,3545914.863,6500400.479
-13.50314038,308.7938547,109.3648075,3545914.863,6500400.479
-11.05295141,308.7938547,109.3648075,3545914.863,6500400.479
-9.047357242,308.7938547,109.3648075,3545914.863,6500400.479
-7.405684692,308.7938547,109.3648075,3545914.863,6500400.479
-6.061898993,308.7938547,109.3648075,3545914.863,6500400.479
-4.961947603,308.7938547,109.3648075,3545914.863,6500400.479
-4.061585988,308.7938547,109.3648075,3545914.863,6500400.479
-3.324597932,308.7938547,109.3648075,3545914.863,6500400.479
-2.721338768,308.7938547,109.3648075,3545914.863,6500400.479
-2.227542952,308.7938547,109.3648075,3545914.863,6500400.479
-1.823348001,308.7938547,109.3648075,3545914.863,6500400.479
-1.5,308.7938547,109.3648075,3545914.863,6500400.479
-1.492495545,308.7938547,109.3648075,3545914.863,6500400.479
-1.49,308.7938547,109.3648075,3545914.863,6500400.479
-1.48,308.7938547,109.3648075,3545914.863,6500400.479
-1.47,308.7938547,109.3648075,3545914.863,6500400.479
-1.46,308.7938547,109.3648075,3545914.863,6500400.479
-1.45,308.7938547,109.3648075,3545914.863,6500400.479
-1.44,308.7938547,109.3648075,3545914.863,6500400.479
-1.43,308.7938547,109.3648075,3545914.863,6500400.479
-1.42,308.7938547,109.3648075,3545914.863,6500400.479
-1.41,308.7938547,109.3648075,3545914.863,6500400.479
-1.4,308.7938547,109.3648075,3545914.863,6500400.479
-1.39,308.7938547,109.3648075,3545914.863,6500400.479
-1.38,308.7938547,109.3648075,3545914.863,6500400.479
-1.37,308.7938547,109.3648075,3545914.863,6500400.479
-1.36,308.7938547,109.3648075,3545914.863,6500400.479
-1.35,308.7938547,109.3648075,3545914.863,6500400.479
-1.34,308.7938547,109.3648075,3545914.863,6500400.479
-1.33,308.7938547,109.3648075,3545914.863,6500400.479
-1.32,308.7938547,109.3648075,3545914.863,6500400.479
-1.31,308.7938547,109.3648075,3545914.863,6500400.479
-1.3,308.7938547,109.3648075,3545914.863,6500400.479
-1.29,308.7938547,109.3648075,3545914.863,6500400.479
-1.28,308.7938547,109.3648075,3545914.863,6500400.479
-1.27,308.7938547,109.3648075,3545914.863,6500400.479
-1.26,308.7938547,109.3648075,3545914.863,6500400.479
-1.25,308.7938547,109.3648075,3545914.863,6500400.479
-1.24,308.7938547,109.3648075,3545914.863,6500400.479
-1.23,308.7938547,109.3648075,3545914.863,6500400.479
-1.221677349,308.7938547,109.3648075,3545914.863,6500400.479
-1.22,308.7938547,109.3648075,3545914.863,6500400.479
-1.21,308.7938547,109.3648075,3545914.863,6500400.479
-1.2,308.7938547,109.3648075,3545914.863,6500400.479
-1.19,308.7938547,109.3648075,3545914.863,6500400.479
-1.18,308.7938547,109.3648075,3545914.863,6500400.479
-1.17,308.7938547,109.3648075,3545914.863,6500400.479
-1.16,308.7938547,109.3648075,3545914.863,6500400.479
-1.15,308.7938547,109.3648075,3545914.863,6500400.479
-1.14,308.7938547,109.3648075,3545914.863,6500400.479
-1.13,308.7938547,109.3648075,3545914.863,6500400.479
-1.12,308.7938547,109.3648075,3545914.863,6500400.479
-1.11,308.7938547,109.3648075,3545914.863,6500400.479
-1.1,308.7938547,109.3648075,3545914.863,6500400.479
-1.09,308.7938547,109.3648075,3545914.863,6500400.479
-1.08,308.7938547,109.3648075,3545914.863,6500400.479
-1.07,308.7938547,109.3648075,3545914.863,6500400.479
-1.06,308.7938547,109.3648075,3545914.863,6500400.479
-1.05,308.7938547,109.3648075,3545914.863,6500400.479
-1.04,308.7938547,109.3648075,3545914.863,6500400.479
-1.03,308.7938547,109.3648075,3545914.863,6500400.479
-1.02,308.7938547,109.3648075,3545914.863,6500400.479
-1.01,308.7938547,109.3648075,3545914.863,6500400.479
-1,308.7938547,109.3648075,3545914.863,6500400.479
-0.99,308.7938547,109.3648075,3545914.863,6500400.479
-0.98,308.7938547,109.3648075,3545914.863,6500400.479
-0.97,308.7938547,109.3648075,3545914.863,6500400.479
-0.96,308.7938547,109.3648075,3545914.863,6500400.479
-0.95,308.7938547,109.3648075,3545914.863,6500400.479
-0.94,308.7938547,109.3648075,3545914.863,6500400.479
-0.93,308.7938547,109.3648075,3545914.863,6500400.479
-0.92,308.7938547,109.3648075,3545914.863,6500400.479
-0.91,308.7938547,109.3648075,3545914.863,6500400.479
-0.9,308.7938547,109.3648075,3545914.863,6500400.479
-0.89,308.7938547,109.3648075,3545914.863,6500400.479
-0.88,308.7938547,109.3648075,3545914.863,6500400.479
-0.87,308.7938547,109.3648075,3545914.863,6500400.479
-0.86,308.7938547,109.3648075,3545914.863,6500400.479
-0.85,308.7938547,109.3648075,3545914.863,6500400.479
-0.84,308.7938547,109.3648075,3545914.863,6500400.479
-0.83,308.7938547,109.3648075,3545914.863,6500400.479
-0.82,308.7938547,109.3648075,3545914.863,6500400.479
-0.8185467307,308.7938547,109.3648075,3545914.863,6500400.479
-0.81,308.7938547,109.3648075,3545914.863,6500400.479
-0.8,308.7938547,109.3648075,3545914.863,6500400.479
-0.79,308.7938547,109.3648075,3545914.863,6500400.479
-0.78,308.7938547,109.3648075,3545914.863,6500400.479
-0.77,308.7938547,109.3648075,3545914.863,6500400.479
-0.76,308.7938547,109.3648075,3545914.863,6500400.479
-0.75,308.7938547,109.3648075,3545914.863,6500400.479
-0.74,308.7696865,109.3468807,3545755.124,6500560.219
-0.73,308.5613216,109.193881,3544377.933,6501937.41
-0.72,308.1601782,108.9031918,3541726.571,6504588.772
-0.71,307.5813849,108.4894861,3537901.029,6508414.313
-0.7,306.8385931,107.9659418,3532991.538,6513323.805
-0.69,305.9440885,107.3443779,3527079.298,6519236.044
-0.68,304.9088381,106.6353416,3520236.798,6526078.545
-0.6700187504,303.745146,105.8499416,3512545.361,6533769.982
-0.67,303.7427973,105.8483679,3512529.836,6533785.506
-0.66,302.4548784,104.9920001,3504017.321,6542298.022
-0.65,301.0533901,104.0741179,3494754.167,6551561.176
-0.64,299.5453346,103.1015094,3484786.655,6561528.688
-0.63,297.9376241,102.0806963,3474160.472,6572154.87
-0.62,296.2361707,101.0173667,3462914.695,6583400.648
-0.61,294.4464732,99.9167777,3451085.667,6595229.676
-0.6,292.5734052,98.78364277,3438705.601,6607609.742
-0.59,290.6213667,97.62224779,3425803.578,6620511.765
-0.58,288.5943523,96.43650951,3412406.001,6633909.342
-0.57,286.4959163,95.22997139,3398536.362,6647778.98
-0.56,284.3291245,94.0057944,3384214.925,6662100.418
-0.55,282.0968468,92.76693859,3369460.658,6676854.685
-0.5484416576,281.7431701,92.57269288,3367123.027,6679192.316
-0.54,279.8012291,91.51588346,3354287.743,6692027.599
-0.53,277.444459,90.2550666,3338710.642,6707604.7
-0.52,275.0279088,88.98643153,3322738.424,6723576.919
-0.51,272.5528438,87.71182625,3306379.451,6739935.891
-0.5,270.0200086,86.43279715,3289638.645,6756676.698
-0.49,267.4296271,85.15061095,3272517.486,6773797.856
-0.48,264.7814422,83.86629436,3255014.276,6791301.067
-0.47,262.0745902,82.58059354,3237123.303,6809192.039
-0.46,258.9005181,81.1065311,3216144.234,6830171.108
-0.45,252.394444,78.14612498,3173142.257,6873173.086
-0.4489251258,251.7147404,77.84063058,3168649.747,6877665.595
-0.44,246.1636277,75.3732058,3131959.599,6914355.744
-0.43,240.1504448,72.75723106,3092215.392,6954099.951
-0.42,234.3742087,70.30214683,3054037.287,6992278.055
-0.41,228.8282259,68.00034213,3017381.045,7028934.298
-0.4,223.4825762,65.83506948,2982048.907,7064266.436
-0.39,218.3093267,63.79144738,2947856.25,7098459.093
-0.38,213.3713192,61.8901089,2915218.427,7131096.915
-0.37,208.5518441,60.08264419,2883364.047,7162951.296
-0.3674661941,207.3647682,59.64496912,2875518.054,7170797.288
-0.36,203.9347156,58.39741676,2852847.079,7193468.264
-0.35,199.5128209,56.82753008,2823620.511,7222694.832
-0.34,195.199044,55.33909599,2795108.548,7251206.794
-0.33,191.051048,53.94941719,2767692.318,7278623.025
-0.32,187.0631286,52.65314504,2741334.114,7304981.228
-0.31,183.1746627,51.42806766,2715633.251,7330682.092
-0.3007882518,179.7176411,50.3722369,2692784.023,7353531.319
-0.3,179.4223319,50.28353194,2690832.174,7355483.169
-0.29,175.8030865,49.21582435,2666910.726,7379404.616
-0.28,172.3124485,48.22090235,2643839.311,7402476.031
-0.27,168.915043,47.2865125,2621384.117,7424931.226
-0.26,165.6253281,46.41472903,2599640.705,7446674.637
-0.25,162.4544756,45.60618151,2578682.917,7467632.426
-0.2462092401,161.2911322,45.31755199,2570993.783,7475321.559
-0.24,159.3845329,44.85402635,2558392.092,7487923.251
-0.23,156.4127317,44.15559221,2538749.935,7507565.408
-0.22,153.5253398,43.50587179,2519665.682,7526649.66
-0.21,150.7322887,42.9053438,2501204.976,7545110.366
-0.2015337686,148.4478414,42.43524569,2486105.893,7560209.449
-0.2,148.0305863,42.35147501,2483348.04,7562967.302
-0.19,145.4168112,41.84174333,2466072.262,7580243.081
-0.18,142.8819112,41.37272559,2449317.809,7596997.534
-0.17,140.4283639,40.94329999,2433101.057,7613214.286
-0.1649648074,139.2254645,40.74183085,2425150.478,7621164.864
-0.16,138.0580574,40.55213987,2417434.486,7628880.856
-0.15,135.7652796,40.19669538,2402280.343,7644034.999
-0.14,133.5478164,39.87510226,2387623.992,7658691.35
-0.1350314038,132.4729869,39.72728921,2380519.894,7665795.449
-0.13,131.402202,39.58538616,2373442.528,7672872.815
-0.12,129.3251794,39.32570276,2359714.421,7686600.922
-0.1105295141,127.4186194,39.10589842,2347112.989,7699202.354
-0.11,127.3137006,39.09432957,2346419.526,7699895.816
-0.1,125.3649083,38.88965555,2333538.96,7712776.383
-0.09047357242,123.5642571,38.71812522,2321637.533,7724677.809
-0.09,123.4761296,38.71017289,2321055.053,7725260.289
-0.08,121.6448501,38.55446739,2308951.189,7737364.154
-0.07405684692,120.5827417,38.47264542,2301931.17,7744384.173
-0.07,119.8686809,38.42120984,2297211.576,7749103.766
-0.06061898993,118.2505865,38.31549737,2286516.761,7759798.581
-0.06,118.1454206,38.30915486,2285821.666,7760493.677
-0.05,116.472957,38.21712799,2274767.497,7771547.846
-0.04961947603,116.4102929,38.21400671,2274353.318,7771962.025
-0.04061585988,114.9479506,38.14800019,2264687.948,7781627.394
-0.04,114.8493232,38.14402472,2264036.069,7782279.273
-0.03324597932,113.7794041,38.10482928,2256964.426,7789350.917
-0.03,113.2726672,38.08880348,2253615.141,7792700.201
-0.02721338768,112.8414426,38.07646678,2250764.957,7795550.385
-0.02227542952,112.0857899,38.0577642,2245770.461,7800544.881
-0.02,111.741205,38.05048007,2243492.923,7802822.419
-0.01823348001,111.4752437,38.04539558,2241735.049,7804580.294
-0.01492495545,110.9807525,38.03719603,2238466.703,7807848.639
-0.01221677349,110.5794651,38.03174953,2235814.389,7810500.954
-0.01,110.2533033,38.02812604,2233658.618,7812656.724
-0.01,110.2533033,38.02812604,2233658.618,7812656.724
-0.008185467307,109.9878608,38.02571225,2231904.173,7814411.17
-0.006700187504,109.7716103,38.02410264,2230474.862,7815840.48
-0.005484416576,109.5952762,38.02302832,2229309.38,7817005.962
-0.004489251258,109.4513929,38.02231078,2228358.382,7817956.961
-0.003674661941,109.3339319,38.02183129,2227582.021,7818733.321
-0.003007882518,109.2379731,38.02151067,2226947.781,7819367.562
-0.002462092401,109.1595667,38.02129622,2226429.553,7819885.79
-0.002015337686,109.0954843,38.02115277,2226005.999,7820309.343
-0.001649648074,109.04308,38.02105674,2225659.632,7820655.71
-0.001350314038,109.0002306,38.02099247,2225376.419,7820938.924
-0.001105295141,108.9651815,38.02094943,2225144.761,7821170.581
-0.0009047357242,108.9365148,38.02092062,2224955.288,7821360.054
-0.0007405684692,108.9130664,38.02090134,2224800.306,7821515.036
-0.0006061898993,108.8938665,38.02088841,2224673.404,7821641.938
-0.0004961947603,108.8781626,38.02087975,2224569.609,7821745.734
-0.0004061585988,108.8653116,38.02087396,2224484.67,7821830.672
-0.0003324597932,108.8547951,38.02087007,2224415.161,7821900.182
-0.0002721338768,108.8461862,38.02086747,2224358.261,7821957.082
-0.0002227542952,108.8391435,38.02086573,2224311.711,7822003.631
-0.0001823348001,108.8333793,38.02086456,2224273.613,7822041.729
-0.0001492495545,108.8286616,38.02086378,2224242.431,7822072.911
-0.0001221677349,108.8248002,38.02086326,2224216.909,7822098.433
-0.0001,108.8216397,38.02086291,2224196.02,7822119.323
0,108.8073847,38.0208622,2224101.802,7822213.541
0.0001,108.7931322,38.02086291,2224007.599,7822307.743
0.0001221677349,108.7899747,38.02086326,2223986.73,7822328.612
0.0001492495545,108.7861176,38.02086378,2223961.236,7822354.106
0.0001823348001,108.7814058,38.02086457,2223930.094,7822385.249
0.0002227542952,108.7756502,38.02086573,2223892.052,7822423.291
0.0002721338768,108.7686193,38.02086747,2223845.581,7822469.761
0.0003324597932,108.7600312,38.02087007,2223788.818,7822526.525
0.0004061585988,108.74954,38.02087394,2223719.476,7822595.866
0.0004961947603,108.7367299,38.02087972,2223634.807,7822680.535
0.0006061898993,108.7210843,38.02088835,2223531.398,7822783.945
0.0007405684692,108.7019742,38.02090122,2223405.089,7822910.253
0.0009047357242,108.6786488,38.02092041,2223250.92,7823064.422
0.001105295141,108.6501666,38.02094904,2223062.666,7823252.676
0.001350314038,108.6153984,38.02099173,2222832.865,7823482.477
0.001649648074,108.572985,38.02105535,2222552.534,7823762.809
0.002015337686,108.5212382,38.02115017,2222210.513,7824104.83
0.002462092401,108.4581126,38.02129149,2221793.283,7824522.059
0.003007882518,108.3811361,38.02150202,2221284.506,7825030.836
0.003674661941,108.2873195,38.02181548,2220664.424,7825650.918
0.004489251258,108.173026,38.022282,2219909,7826406.343
0.005484416576,108.0339115,38.02297571,2218989.521,7827325.822
0.006700187504,107.8646688,38.02400672,2217870.909,7828444.433
0.008185467307,107.659017,38.02553722,2216511.651,7829803.691
0.01,107.4093562,38.02780708,2214861.514,7831453.828
0.01,107.4093562,38.02780708,2214861.514,7831453.828
0.01221677349,107.1067941,38.03116761,2212861.727,7833453.615
0.01492495545,106.7406885,38.03613512,2210441.947,7835873.395
0.01823348001,106.2986572,38.04346212,2207520.336,7838795.007
0.02,106.0650123,38.04792843,2205976.057,7840339.285
0.02227542952,105.7664272,38.05423934,2204002.555,7842312.788
0.02721338768,105.1276153,38.07004125,2199780.32,7846535.023
0.03,104.7725873,38.08019653,2197433.758,7848881.585
0.03324597932,104.3639631,38.09311705,2194732.951,7851582.392
0.04,103.5304694,38.1236295,2189223.964,7857091.378
0.04061585988,103.4555975,38.12664743,2188729.097,7857586.245
0.04961947603,102.3816912,38.1750704,2181631.1,7864684.242
0.05,102.3371452,38.17728922,2181336.673,7864978.669
0.06,101.1911591,38.24027975,2173762.264,7872553.079
0.06061898993,101.1217559,38.24446542,2173303.542,7873011.8
0.07,100.0911244,38.31174442,2166491.57,7879823.772
0.07405684692,99.6576812,38.34296222,2163626.722,7882688.62
0.08,99.03577236,38.39085923,2159516.208,7886799.134
0.09,98.0238457,38.47683733,2152827.866,7893487.476
0.09047357242,97.97698366,38.48106601,2152518.131,7893797.211
0.1,97.0542028,38.5689187,2146418.999,7899896.343
0.11,96.12577683,38.66636958,2140282.556,7906032.786
0.1105295141,96.07774678,38.6716656,2139965.101,7906350.241
0.12,95.23753757,38.76848404,2134411.728,7911903.615
0.13,94.38853399,38.87457722,2128800.228,7917515.114
0.1350314038,93.97593875,38.92924854,2126073.175,7920242.168
0.14,93.57790767,38.98398021,2123442.383,7922872.959
0.15,92.80483133,39.09604533,2118332.726,7927982.617
0.16,92.06855519,39.21013778,2113466.299,7932849.043
0.1649648074,91.71648145,39.26733991,2111139.264,7935176.079
0.17,91.36842667,39.32562917,2108838.791,7937476.551
0.18,90.7038334,39.44190362,2104446.154,7941869.189
0.19,90.07425943,39.55834582,2100284.977,7946030.366
0.2,89.47926742,39.6743406,2096352.37,7949962.973
0.2015337686,89.39104551,39.69205253,2095769.266,7950546.077
0.2462092401,87.17223348,40.18625826,2081104,7965211.342
0.3007882518,85.41654573,40.66133696,2069499.76,7976815.582
0.3674661941,85.07107717,40.76864984,2067216.381,7979098.961
0.4489251258,85.07107717,40.76864984,2067216.381,7979098.961
0.5484416576,85.07107717,40.76864984,2067216.381,7979098.961
0.6700187504,85.07107717,40.76864984,2067216.381,7979098.961
0.8185467307,85.07107717,40.76864984,2067216.381,7979098.961
1,85.07107717,40.76864984,2067216.381,7979098.961
1.221677349,85.07107717,40.76864984,2067216.381,7979098.961
1.492495545,85.07107717,40.76864984,2067216.381,7979098.961
1.823348001,85.07107717,40.76864984,2067216.381,7979098.961
2.227542952,85.07107717,40.76864984,2067216.381,7979098.961
2.721338768,85.07107717,40.76864984,2067216.381,7979098.961
3.324597932,85.07107717,40.76864984,2067216.381,7979098.961
4.061585988,85.07107717,40.76864984,2067216.381,7979098.961
4.961947603,85.07107717,40.76864984,2067216.381,7979098.961
6.061898993,85.07107717,40.76864984,2067216.381,7979098.961
7.405684692,85.07107717,40.76864984,2067216.381,7979098.961
9.047357242,85.07107717,40.76864984,2067216.381,7979098.961
11.05295141,85.07107717,40.76864984,2067216.381,7979098.961
13.50314038,85.07107717,40.76864984,2067216.381,7979098.961
16.49648074,85.07107717,40.76864984,2067216.381,7979098.961
20.15337686,85.07107717,40.76864984,2067216.381,7979098.961
24.62092401,85.07107717,40.76864984,2067216.381,7979098.961
30.07882518,85.07107717,40.76864984,2067216.381,7979098.961
36.74661941,85.07107717,40.76864984,2067216.381,7979098.961
44.89251258,85.07107717,40.76864984,2067216.381,7979098.961
54.84416576,85.07107717,40.76864984,2067216.381,7979098.961
67.00187504,85.07107717,40.76864984,2067216.381,7979098.961
81.85467307,85.07107717,40.76864984,2067216.381,7979098.961
100,85.07107717,40.76864984,2067216.381,7979098.961
