scan_param,scan_value,status,R0,S_star,S_c,S_bar,q0,q_inf,q_max,has_inflection,regime,exit_side,dt,seg_high,seg_low,seg_high_frac,chord_dev
beta,0.05,no_crossing,1.4033238927090252,,542.9965270020513,507.9748799999999,0.01526,0.4736842105263158,,,,,,,,,
beta,0.055,ok,1.543656281979928,577.6987735652507,493.63320636550105,459.3648436363635,0.01526,0.4708994708994708,0.15855739032227878,False,全程减速释放 (q_c''>0),t1,2.4785759666651828,nan,nan,,0.11382919889521273
beta,0.06,ok,1.6839886712508303,627.0652269367331,452.49710583504276,418.85648,0.01526,0.46808510638297873,0.28940087751834886,False,全程减速释放 (q_c''>0),t1,3.645613457310712,nan,nan,,0.1423861006617604
beta,0.065,ok,1.824321060521733,648.8546348240029,417.689636155424,384.58017230769224,0.01526,0.46524064171123003,0.3660896135553403,False,全程减速释放 (q_c''>0),t1,4.1543380709633055,nan,nan,,0.1452296639509789
beta,0.06999999999999999,ok,1.9646534497926351,662.1497334487659,387.8546621443224,355.20048,0.01526,0.4623655913978495,0.4231878671751328,False,全程减速释放 (q_c''>0),t1,4.481418996027066,nan,nan,,0.1423983722298025
beta,0.07499999999999998,ok,2.1049858390635374,671.2955690494377,361.9976846680343,329.7380800000001,0.01526,0.45945945945945954,0.468976682648493,True,存在内部拐点,,4.7194003790548,0.07043473049416757,4.648965648560632,0.014924508377539735,0.13733257745589142
beta,0.07999999999999999,ok,2.2453182283344404,678.030684827526,339.3728293762821,307.45848000000007,0.01526,0.4565217391304348,0.507110802684379,True,存在内部拐点,,4.903985156429696,0.3734165136669544,4.530568642762742,0.07614552282593307,0.13124566175646907
beta,0.08499999999999999,ok,2.385650617605343,683.2201136139436,319.4097217659126,287.80000941176473,0.01526,0.45355191256830607,0.5396278254338771,True,存在内部拐点,,5.052968656641009,0.6353658550275343,4.417602801613476,0.12574110353771667,0.12469102286854448
beta,0.08999999999999998,ok,2.525983006876245,687.3515685787945,301.6647372233619,270.3258133333334,0.01526,0.4505494505494506,0.5678174795650012,True,存在内部拐点,,5.176574166722667,0.8670400710379147,4.309534095684753,0.16749302591115875,0.11795738781121647
beta,0.09499999999999997,ok,2.666315396147147,690.7238876015587,285.78764579055337,254.6910063157895,0.01526,0.4475138121546961,0.5925629164310453,True,存在内部拐点,,5.281235796851021,1.0753331716571175,4.205902625193904,0.20361392920541313,0.11120809783669054
beta,0.09999999999999998,ok,2.80664778541805,693.5315427733608,271.4982635010257,240.61968000000005,0.01526,0.4444444444444444,0.61450174431739,True,存在内部拐点,,5.3712693802304265,1.2649598948643455,4.106309485366081,0.23550483234376132,0.10454030782533905
beta,0.10499999999999998,ok,2.9469801746889526,695.9070441086456,258.5697747628816,227.88848000000002,0.01526,0.44134078212290506,0.6341120525283146,True,存在内部拐点,,5.44970956848242,1.4393031510838175,4.010406417398602,0.26410639557891524,0.0980134947369626
beta,0.10999999999999997,ok,3.087312563959855,697.9440351360222,246.81660318275064,216.3146618181819,0.01526,0.4382022471910112,0.6517626491774318,True,存在内部拐点,,5.518769100716315,1.600881535877843,3.9178875648384723,0.2900794555202635,0.09166454467852875
beta,0.11499999999999998,ok,3.2276449532307576,699.7106908138079,236.08544652263106,205.74726260869568,0.01526,0.4350282485875706,0.6677444182847865,True,存在内部拐点,,5.580108736317456,1.751625894917547,3.8284828413999086,0.31390533369310597,0.08551647059044484
beta,0.11999999999999997,ok,3.36797734250166,701.2578902670942,226.2485529175214,196.06048000000004,0.01526,0.43181818181818177,0.6822909188014388,True,存在内部拐点,,5.635004708884876,1.8930521624973367,3.7419525463875387,0.3359450897197133,0.07958313558185057
beta,0.12499999999999996,ok,3.5083097317725627,702.6244115547092,217.19861080082057,187.14864000000006,0.01526,0.4285714285714286,0.6955924723327861,True,存在内部拐点,,5.684457226328748,2.026374270065578,3.6580829562631703,0.3564762983315282,0.07387268477156948
beta,0.12999999999999995,ok,3.6486421210434643,703.8403491576294,208.84481807771212,178.92232615384626,0.01526,0.4252873563218391,0.7078061148384264,True,存在内部拐点,,5.729263335752739,2.152580648352892,3.576682687399847,0.3757168281862672,0.0683892657294676
beta,0.13499999999999995,ok,3.7889745103143673,704.9294290080582,201.1098248155746,171.30536888888892,0.01526,0.4219653179190751,0.7190628157380772,True,存在内部拐点,,5.77006734737781,2.2724876737985498,3.497579673579261,0.39384075383994865,0.06313457433052348
beta,0.13999999999999996,ok,3.9293068995852694,705.9106167809687,193.92733107216125,164.23248000000004,0.01526,0.4186046511627908,0.7294728320267578,True,存在内部拐点,,5.807396630523161,2.3867779929168056,3.4206186376063545,0.4109893201322108,0.058108421131683616
beta,0.14499999999999996,ok,4.069639288856173,706.7992600703537,187.24018172484529,157.64737655172414,0.01526,0.41520467836257313,0.739129754418007,True,存在内部拐点,,5.84168758960015,2.4960286264436533,3.345658963156497,0.4272786909877357,0.05330956950008767
beta,0.14999999999999997,ok,4.209971678127075,707.6079154229484,180.99884233401716,151.50128000000004,0.01526,0.41176470588235303,0.748113614736114,True,存在内部拐点,,5.873304878007787,2.60073198486319,3.2725728931445976,0.4428055479635432,0.04873606226606576
beta,0.15499999999999997,ok,4.350304067397977,708.3469575874325,175.16017000066174,145.7517058064516,0.01526,0.40828402366863903,0.756493306057348,True,存在内部拐点,,5.9025558511400265,2.7013118548677046,3.2012439962723223,0.45765121465914976,0.044385395828073396
beta,0.15999999999999995,ok,4.49063645666888,709.0250353015248,169.68641468814107,140.36148000000003,0.01526,0.40476190476190477,0.7643284909834824,True,存在内部拐点,,5.929701601342151,2.798135746121451,3.1315658552207006,0.4718847480433266,0.040254818572226424
beta,0.16499999999999992,ok,4.6309688459397815,709.6494170396084,164.5444021218338,135.2979345454546,0.01526,0.4011976047904192,0.7716711228744505,True,存在内部拐点,,5.954965495982303,2.891524556871682,3.063440939110621,0.4855652914903598,0.036341481882506334
beta,0.16999999999999993,ok,4.771301235210684,710.2262566068006,159.70486088295632,130.5322447058824,0.01526,0.3975903614457832,0.778566670489979,True,存在内部拐点,,5.978539863065951,2.9817602330595165,2.9967796300064347,0.49874389087545407,0.03264244925589595
beta,0.17499999999999993,ok,4.9116336244815875,710.7607995106035,155.141864857729,126.03888000000005,0.01526,0.39393939393939403,0.7850551126269297,True,存在内部拐点,,6.0005912832098005,3.0690919043420495,2.931499378867751,0.5114649139543377,0.03592924752652712
beta,0.17999999999999994,ok,5.05196601375249,711.2575450034873,150.83236861168095,121.7951466666667,0.01526,0.3902439024390244,0.7911717524684557,True,存在内部拐点,,6.021264819849472,3.1537408490325145,2.8675239708169578,0.5237671724113533,0.03997334439015981
beta,0.18499999999999994,ok,5.1922984030233925,711.7203745477092,146.75581810866257,117.78080432432436,0.01526,0.38650306748466257,0.7969478892378725,True,存在内部拐点,,6.040687431197879,3.235904548047428,2.8047828831504513,0.5356848181442393,0.04402198815884656
beta,0.18999999999999995,ok,5.332630792294294,712.1526545668318,142.89382289527668,113.97774315789476,0.01526,0.3827160493827161,0.8024113759100092,True,存在内部拐点,,6.058970744981891,3.3157600226019426,2.743210722379948,0.5472480660759244,0.048063701066820994
beta,0.19499999999999995,ok,5.472963181565198,712.5573193070993,139.2298787184747,110.36971076923079,0.01526,0.3788819875776398,0.807587085201014,True,存在内部拐点,,6.076213332144163,3.393466603245334,2.6827467288988287,0.558483782209117,0.05208929503893389
beta,0.1999999999999999,ok,5.613295570836098,712.9369381689859,135.74913175051287,106.94208000000003,0.01526,0.375,0.8124973011732004,True,存在内部拐点,,6.092502583089726,3.4691682433465116,2.6233343397432147,0.5694159659407435,0.056091417556357916
beta,0.2049999999999999,ok,5.753627960107001,713.2937708079892,132.43817731757355,103.68165073170738,0.01526,0.37106918238993725,0.8171620500989707,True,存在内部拐点,,6.107916266054564,3.5429954646065096,2.564920801448054,0.5800661486302797,0.06006422658449017
beta,0.2099999999999999,ok,5.893960349377904,713.6298125249962,129.28488738144083,100.57648000000003,0.01526,0.3670886075949368,0.8215993814082134,True,存在内部拐点,,6.122523829305178,3.6150670030507275,2.50745682625445,0.5904537252672462,0.06400311012472747
beta,0.2149999999999999,ok,6.034292738648806,713.9468318890001,126.27826209350036,97.61573581395355,0.01526,0.3630573248407645,0.8258256073705964,True,存在内部拐点,,6.136387495437274,3.6854912094772496,2.4508962859600247,0.6005962322649288,0.06790444209620852
beta,0.21999999999999992,ok,6.17462512791971,714.246402102389,123.40830159137532,94.78957090909093,0.01526,0.35897435897435903,0.829855508475253,True,存在内部拐点,,6.149563185832879,3.7543672472712393,2.39519593856164,0.6105095815456295,0.0717654961051921
beta,0.22499999999999992,ok,6.314957517190612,714.5299272920341,120.66589488934477,92.08901333333338,0.01526,0.3548387096774195,0.8337025101472498,True,存在内部拐点,,6.162101305511561,3.8217861219581377,2.3403151835534235,0.6202082589164547,0.07558402528774863
beta,0.22999999999999993,ok,6.455289906461515,714.7986646600652,118.04272326131553,89.50587130434783,0.01526,0.35064935064935066,0.8373788353960784,True,存在内部拐点,,6.174047412564804,3.8878315702259765,2.286215842338828,0.6297054930796046,0.07935851528271565
beta,0.23499999999999993,ok,6.595622295732417,715.0537432365776,115.53117595788329,87.032650212766,0.01526,0.34640522875817004,0.8408956371617434,True,存在内部拐点,,6.185442791653053,3.952580830937587,2.232861960715467,0.6390134003456305,0.08308778609576514
beta,0.23999999999999988,ok,6.735954685003318,715.2961798280281,113.12427645876075,84.66248000000006,0.01526,0.3421052631578948,0.8442631134605214,True,存在内部拐点,,6.196324947349122,4.016105316537161,2.1802196308119615,0.6481431091271785,0.08677105475420845
beta,0.24499999999999988,ok,6.876287074274221,715.5268926392746,110.81561775552073,82.38905142857148,0.01526,0.337748344370861,0.847490607898667,True,存在内部拐点,,6.20672803019203,4.078471199980204,2.128256830211826,0.6571048675148765,0.09040779900420964
beta,0.2499999999999999,ok,7.016619463545125,715.746712956199,108.59930540041029,80.20656000000002,0.01526,0.3333333333333335,0.8505866976904377,True,存在内部拐点,,6.2166832059929575,4.139739929692414,2.0769432763005438,0.6659081366252755,0.09399787545305499
beta,0.2549999999999999,ok,7.156951852816027,715.9563952039508,106.46990725530421,78.10965647058828,0.01526,0.32885906040268464,0.8535592709654873,True,存在内部拐点,,6.226218977077152,4.199968682948593,2.0262502941285594,0.6745616719250428,0.09754121878704312
beta,0.2599999999999999,ok,7.297284242086929,716.1566256386055,104.42240903885606,76.09340307692311,0.01526,0.32432432432432445,0.856415594863443,True,存在内部拐点,,6.2353614626500695,4.259210766348412,1.9761506963016584,0.6830735943475231,0.1010379204424768
beta,0.2649999999999999,ok,7.437616631357832,716.3480298842883,102.45217490604745,74.15323471698116,0.01526,0.3197278911564627,0.8591623756775353,True,存在内部拐点,,6.24413464426602,4.3175159706684765,1.9266186735975432,0.6914514527058198,0.10448823454631238
beta,0.2699999999999999,ok,7.5779490206287345,716.5311794909685,100.5549124077873,72.28492444444447,0.01526,0.31506849315068497,0.8618058121144293,True,存在内部拐点,,6.25256058139301,4.374930886224828,1.8776296951681826,0.6997022786543134,0.10789265090184388
beta,0.2749999999999999,ok,7.718281409899636,716.706597658375,98.72664127310027,70.48455272727274,0.01526,0.31034482758620696,0.8643516425760411,True,存在内部拐点,,6.260659601262869,4.431499183936803,1.8291604173260667,0.7078326352454785,0.11125152355668591
beta,0.27999999999999986,ok,7.858613799170537,716.874764247276,96.96366553608064,68.74848000000004,0.01526,0.3055555555555557,0.8668051872348178,True,存在内部拐点,,6.2684504665346426,4.487261866502632,1.7811886000320105,0.7158486599613035,0.11456545590614534
beta,0.28499999999999986,ok,7.998946188441442,717.0361201796234,95.26254859685113,67.07332210526319,0.01526,0.30069930069930073,0.8691713855617715,True,存在内部拐点,,6.275950523753896,4.542257493448297,1.7336930303055997,0.7237561029610207,0.11783497661118321
beta,0.28999999999999987,ok,8.139278577712343,717.1910713128445,93.62009086242267,65.4559282758621,0.01526,0.2957746478873241,0.8714548298724603,True,存在内部拐点,,6.283175835138802,4.5965223832694795,1.6866534518693224,0.7315603611732979,0.12106080913433026
beta,0.2949999999999999,ok,8.279610966983247,717.339991860227,92.03330966136465,63.89336135593222,0.01526,0.2907801418439717,0.8736597953769303,True,存在内部拐点,,6.2901412958478335,4.650090795432407,1.6400505004154269,0.7392665087669754,0.12424361310425862
beta,0.2999999999999999,ok,8.41994335625415,717.4832274182954,90.49942116700859,62.382880000000036,0.01526,0.2857142857142859,0.8757902671527628,True,存在内部拐点,,6.296860738570047,4.702995094617241,1.5938656439528063,0.746879324456085,0.12738398826889646
beta,0.3049999999999999,ok,8.560275745525052,717.6210976529132,89.01582409869697,60.92192262295084,0.01526,0.28057553956834536,0.8778499644037117,True,存在内部拐点,,6.303347027015616,4.755265899264931,1.548081127750686,0.754403316029446,0.1304827913059539
beta,0.3099999999999999,ok,8.700608134795953,717.7538986881943,87.58008500033088,59.50809290322584,0.01526,0.27536231884057993,0.8798423623182692,True,存在内部拐点,,6.309612139662969,4.806932216214801,1.5026799234481674,0.7618427424401979,0.13354065226889106
beta,0.31499999999999984,ok,8.840940524066855,717.8819052359189,86.18992492096056,58.1391466666667,0.01526,0.27007299270073015,0.881770711801443,True,存在内部拐点,,6.315667244931824,4.858021562987479,1.4576456819443444,0.7692016337443883,0.13655836232263158
beta,0.31999999999999984,ok,8.981272913337758,718.0053724977723,84.84320734407055,56.81298000000004,0.01526,0.26470588235294135,0.8836380573179357,True,存在内部拐点,,6.321522768793217,4.908560079069065,1.4129626897241527,0.7764838091386186,0.13953664648926717
beta,0.32499999999999984,ok,9.12160530260866,718.1245378682127,83.53792723108485,55.527618461538495,0.01526,0.2592592592592594,0.8854472530548244,True,存在内部拐点,,6.327188455692991,4.9585726273825355,1.3686158283104557,0.7836928933136137,0.14247623545100446
beta,0.32999999999999985,ok,9.261937691879563,718.2396224619324,82.2722010609169,54.28120727272731,0.01526,0.25373134328358227,0.8872009775859709,True,存在内部拐点,,6.332673423550647,5.008082886986276,1.3245905365643713,0.7908323313123433,0.14537786265117114
beta,0.33499999999999985,ok,9.402270081150467,718.3508324866585,81.04425776150022,53.07200238805972,0.01526,0.24812030075187985,0.8889017471980978,True,存在内部拐点,,6.337986213497453,5.057113437914002,1.2808727755834513,0.7979054020572515,0.14824228192427638
beta,0.33999999999999986,ok,9.542602470421368,718.4583604792637,79.85243044147816,51.898362352941206,0.01526,0.24242424242424254,0.8905519280192011,True,存在内部拐点,,6.34313483493373,5.1056858389617314,1.2374489959719992,0.804915230690516,0.15107019859142445
beta,0.34499999999999986,ok,9.682934859692269,718.562386420816,78.69514884087704,50.758740869565244,0.01526,0.23664122137404597,0.8921537470732822,True,存在内部拐点,,6.348126806413045,5.153820699133495,1.1943061072795507,0.8118647998535519,0.15386231683384066
beta,0.3499999999999998,ok,9.823267248963173,718.663078744186,77.5709324288645,49.651680000000034,0.01526,0.23076923076923095,0.8937093023708949,True,存在内部拐点,,6.352969192798874,5.201537743375868,1.1514314494230058,0.8187569600167178,0.15661941456265918
beta,0.3549999999999998,ok,9.963599638234076,718.7605952461088,76.47838408479599,48.57580394366201,0.01526,0.22480620155038789,0.8952205721324012,True,存在内部拐点,,6.357668639085557,5.2488558731604655,1.1088127659250917,0.8255944389570175,0.15934212162806743
beta,0.3599999999999998,ok,10.103932027504978,718.8550839140987,75.41618430584049,47.529813333333365,0.01526,0.2187500000000001,0.8966894232298316,True,存在内部拐点,,6.362231401228856,5.295793222411521,1.066438178817335,0.832379850470174,0.1620311244576072
beta,0.3649999999999998,ok,10.244264416775879,718.9466836773727,74.38308589069199,46.51248000000003,0.01526,0.21259842519685068,0.8981176189236446,True,存在内部拐点,,6.3666633742910355,5.342367209221671,1.024296165069364,0.8391157023935751,0.16468711351913085
beta,0.36999999999999983,ok,10.384596806046783,719.0355250897893,73.37790905433128,45.522642162162185,0.01526,0.2063492063492065,0.8995068259622653,True,存在内部拐点,,6.370970118170255,5.388594583751506,0.9823755344187478,0.8458044040079586,0.16731074083611724
beta,0.37499999999999983,ok,10.524929195317686,719.1217309518989,72.39953693360687,44.55920000000003,0.01526,0.2000000000000003,0.9008586211049032,True,存在内部拐点,,6.375156881153479,5.4344914726669336,0.9406654084865446,0.8524482728782123,0.16990262200131143
beta,0.37999999999999984,ok,10.665261584588588,719.2054168783357,71.44691144763836,43.62111157894739,0.01526,0.19354838709677435,0.9021744971216628,True,存在内部拐点,,6.37922862150526,5.480073420431679,0.8991552010735809,0.8590495411870951,0.17246345671363258
beta,0.38499999999999984,ok,10.805593973859493,719.286691816082,70.5190294807859,42.70738909090912,0.01526,0.18699186991869943,0.9034558683192413,True,存在内部拐点,,6.38319002728143,5.52535542774003,0.8578345995414004,0.8656103616099382,0.17499379955285374
beta,0.38999999999999985,ok,10.945926363130395,719.3656585185005,69.61493935923737,41.8170953846154,0.01526,0.1803278688524591,0.9047040756354755,True,存在内部拐点,,6.387045534536089,5.570351987346424,0.8166935471896644,0.87213281277335,0.17749430796593785
beta,0.3949999999999998,ok,11.086258752401294,719.4424139794717,68.7337375951964,40.9493407594937,0.01526,0.17355371900826477,0.9059203913415299,True,存在内部拐点,,6.390799344072264,5.615077117523211,0.7757222265490537,0.8786189043365024,0.17996550486749077
beta,0.3999999999999998,ok,11.226591141672197,719.5170498315086,67.87456587525644,40.10328000000003,0.01526,0.16666666666666696,0.9071060233865871,True,存在内部拐点,,6.394455436870703,5.659544393355697,0.7349110435150061,0.8850705817296844,0.18240800107470187
beta,0.4049999999999998,ok,11.366923530943101,719.5896527112861,67.03660827185821,39.278109629629654,0.01526,0.1596638655462188,0.9082621194163896,True,存在内部拐点,,6.398017588317194,5.703766976063653,0.694250612253541,0.891489730581353,0.18482237815411404
beta,0.4099999999999998,ok,11.507255920214002,719.6603045956557,66.21908865878677,38.473065365853685,0.01526,0.1525423728813562,0.909389770493884,True,存在内部拐点,,6.401489381336454,5.747757640520943,0.6537317408155109,0.8978781808618684,0.18720918983413468
beta,0.4149999999999998,ok,11.647588309484906,719.7290831108887,65.42126831350018,37.68741975903617,0.01526,0.14529914529914556,0.9104900145474453,True,存在内部拐点,,6.404874218529568,5.7915288011292105,0.6133454174003576,0.9042377107694132,0.189568963332517
beta,0.4199999999999998,ok,11.787920698755809,719.7960618176111,64.64244369072041,36.92048000000002,0.01526,0.1379310344827589,0.9115638395697006,True,存在内部拐点,,6.408175333402331,5.835092536187669,0.5730827972146614,0.9105700503811915,0.1919022006045048
beta,0.4249999999999998,ok,11.92825308802671,719.8613104736222,63.88194435318253,36.171585882352964,0.01526,0.1304347826086959,0.912612186587769,True,存在内部拐点,,6.41139580076307,5.878460610888524,0.5329351898745458,0.9168768850909007,0.1942093795169054
beta,0.42999999999999977,ok,12.068585477297612,719.9248952765815,63.13913104675018,35.44010790697677,0.01526,0.12280701754386014,0.9136359524237733,True,存在内部拐点,,6.41453854636094,5.921644499056525,0.49289404730441494,0.9231598588515707,0.19649112174817027
beta,0.4349999999999998,ok,12.208917866568516,719.9868790883368,62.413393908281776,34.725445517241404,0.01526,0.11504424778761091,0.9146359922627136,True,存在内部拐点,,6.41760635582874,5.964655403741171,0.4529509520875699,0.9294205772412045,0.19874777771626573
beta,0.4399999999999998,ok,12.349250255839419,720.0473216424999,61.704150795687674,34.02702545454548,0.01526,0.10714285714285754,0.915613122043229,True,存在内部拐点,,6.420601882988257,6.007504276761275,0.41309760622698277,0.9356606103671515,0.20097993983141454
beta,0.4449999999999998,ok,12.48958264511032,720.1062797367028,61.01084573056759,33.34430022471913,0.01526,0.09909909909909931,0.9165681206853431,True,存在内部拐点,,6.4235276575706015,6.050201837293624,0.3733258202769777,0.9418814956238283,0.20318794945684854
beta,0.4499999999999998,ok,12.629915034381224,720.1638074108463,60.332947444672385,32.67674666666669,0.01526,0.09090909090909138,0.9175017321680363,True,存在内部拐点,,6.426386092399163,6.092758589590426,0.33362750280873654,0.9480847403172156,0.20537235934969592
beta,0.4549999999999998,ok,12.770247423652126,720.2199561125141,59.66994802220346,32.02386461538464,0.01526,0.08256880733944982,0.9184146674683294,True,存在内部拐点,,6.429179490078401,6.1351848399038715,0.2939946501745293,0.9542718241685076,0.2075335984531913
beta,0.4599999999999998,ok,12.910579812923029,720.2747748506176,59.02136163065777,31.38517565217394,0.01526,0.07407407407407451,0.919307606372543,True,存在内部拐点,,6.431910049227765,6.1774907126905125,0.25441933653725296,0.9604442017083559,0.20967205489948476
beta,0.4649999999999998,ok,13.05091220219393,720.328310338238,58.38672333355393,30.76022193548389,0.01526,0.06542056074766378,0.9201811991694646,True,存在内部拐点,,6.434579870296473,6.219686166163058,0.21489370413341502,0.9666033045723132,0.21178815960666988
beta,0.4699999999999998,ok,13.191244591464834,720.3806071255428,57.765587978941646,30.148565106383,0.01526,0.05660377358490609,0.9210360682343165,True,存在内部拐点,,6.437190960991749,6.261781007252757,0.17540995373899218,0.9727505437073491,0.21388232611698005
beta,0.47499999999999976,ok,13.331576980735734,720.4317077235706,57.15752915811069,29.549785263157922,0.01526,0.047619047619048116,0.9218728095116622,True,存在内部拐点,,6.439745241350188,6.303784906041464,0.13596033530872378,0.9788873114986428,0.21595495132419168
beta,0.47999999999999976,ok,13.471909370006635,720.4816527196083,56.56213822938037,28.963480000000025,0.01526,0.03846153846153888,0.922691993904699,True,存在内部拐点,,6.442244548479406,6.345707409718989,0.09653713876041753,0.9850149838252875,0.21800641616310298
beta,0.48499999999999976,ok,13.61224175927754,720.5304808848206,55.979023402273356,28.389263505154663,0.01526,0.02912621359223344,0.9234941685777669,True,存在内部拐点,,6.444690640994725,6.387557956118154,0.05713268487657226,0.991134922053023,0.2200370862633007
beta,0.48999999999999977,ok,13.752574148548442,720.5782292747325,55.40780887776037,27.826765714285735,0.01526,0.019607843137255387,0.9242798581783367,True,存在内部拐点,,6.447085203173588,6.4293458868772655,0.01773931629632221,0.9972484749716678,0.2220474464360386
beta,0.4949999999999998,ok,13.892906537819343,720.6249333231108,54.84813404061127,27.27563151515154,0.01526,0.009900990099010354,0.9250495659842313,False,全程加速释放 (q_c''<0),t2,6.44942984884847,nan,nan,,0.224037737285953
beta,0.4999999999999998,ok,14.03323892709025,720.6706269297457,54.299652700205144,26.73552000000002,0.01526,4.440892098500626e-16,0.9258037749813652,False,全程加速释放 (q_c''<0),t2,6.451726125057305,nan,nan,,0.22600827617553357
beta,0.5049999999999998,ok,14.173571316361151,720.7153425425928,53.762032376440736,26.20610376237626,0.01526,-0.010101010101009722,0.9265429488768688,False,全程加速释放 (q_c''<0),t2,6.4539755154689145,nan,nan,,0.2279595799152994
beta,0.5099999999999998,ok,14.313903705632054,720.759111234688,53.234953627652104,25.687068235294138,0.01526,-0.0204081632653057,0.9272675330520731,False,全程加速释放 (q_c''<0),t2,6.45617944359946,nan,nan,,0.2298917948197038
beta,0.5149999999999998,ok,14.454236094902956,720.8019627762259,52.7181094176749,25.178111067961186,0.01526,-0.030927835051545838,0.9279779554594834,False,全程加速释放 (q_c''<0),t2,6.458339275834676,nan,nan,,0.2318054008479985
beta,0.5199999999999998,ok,14.594568484173857,720.8439257021482,52.21120451942803,24.678941538461558,0.01526,-0.0416666666666663,0.928674627467547,False,全程加速释放 (q_c''<0),t2,6.460456324271441,nan,nan,,0.23370055438417067
beta,0.5249999999999998,ok,14.734900873444762,720.8850273755684,51.71395495257633,24.189280000000014,0.01526,-0.05263157894736792,0.9293579446567295,False,全程加速释放 (q_c''<0),t2,6.46253184939119,nan,nan,,0.23557778727081052
beta,0.5299999999999998,ok,14.875233262715664,720.9252940473255,51.22608745302372,23.708857358490583,0.01526,-0.06382978723404209,0.9300282875701416,False,全程加速释放 (q_c''<0),t2,6.464567062576665,nan,nan,,0.23743721319501476
beta,0.5349999999999998,ok,15.015565651986565,720.9647509119424,50.747338972154346,23.237414579439267,0.01526,-0.07526881720430056,0.9306860224217218,False,全程加速释放 (q_c''<0),t2,6.466563128482641,nan,nan,,0.2392791536924418
beta,0.5399999999999998,ok,15.155898041257469,721.0034221602403,50.27745620389365,22.774702222222235,0.01526,-0.08695652173912993,0.9313315017647464,False,全程加速释放 (q_c''<0),t2,6.468521167270417,nan,nan,,0.24110403710924125
beta,0.5449999999999998,ok,15.296230430528372,721.041331028837,49.816195137802886,22.320480000000014,0.01526,-0.09890109890109855,0.931965065123239,False,全程加速释放 (q_c''<0),t2,6.470442256715142,nan,nan,,0.24291203556179128
beta,0.5499999999999998,ok,15.436562819799272,721.0784998467445,49.363320636550135,21.874516363636378,0.01526,-0.11111111111111072,0.9325870395886608,False,全程加速释放 (q_c''<0),t2,6.472327434194341,nan,nan,,0.24470342804449177
beta,0.5549999999999998,ok,15.576895209070175,721.1149500792613,48.91860603622086,21.436588108108122,0.01526,-0.12359550561797716,0.933197740384091,False,全程加速释放 (q_c''<0),t2,6.474177698565395,nan,nan,,0.2464784959078799
