kappa,duration,J,plateau_infections,plateau_new_Sq,branch_jump,passed,status,duration_gap_before,connection_group
-100,36.260770645190192,11.93901875934649,492.2368131689052,40.949974417865661,False,True,passed_numeric_support,False,0
-81.854673070690296,36.260770645190192,11.93901875934649,492.2368131689052,40.949974417865661,False,True,passed_numeric_support,False,0
-67.001875035095907,36.260770645190192,11.93901875934649,492.2368131689052,40.949974417865661,False,True,passed_numeric_support,False,0
-54.844165761210178,36.260770645190192,11.93901875934649,492.2368131689052,40.949974417865661,False,True,passed_numeric_support,False,0
-44.89251258218605,36.260770645190192,11.93901875934649,492.2368131689052,40.949974417865661,False,True,passed_numeric_support,False,0
-36.7466194073669,36.260770645190192,11.93901875934649,492.2368131689052,40.949974417865661,False,True,passed_numeric_support,False,0
-30.078825180430989,36.260770645190192,11.93901875934649,492.2368131689052,40.949974417865661,False,True,passed_numeric_support,False,0
-24.620924014946254,36.260770645190192,11.93901875934649,492.2368131689052,40.949974417865661,False,True,passed_numeric_support,False,0
-20.153376859417332,36.260770645190192,11.93901875934649,492.2368131689052,40.949974417865661,False,True,passed_numeric_support,False,0
-16.496480740980207,36.260770645190192,11.93901875934649,492.2368131689052,40.949974417865661,False,True,passed_numeric_support,False,0
-13.503140378698735,36.260770645190192,11.93901875934649,492.2368131689052,40.949974417865661,False,True,passed_numeric_support,False,0
-11.052951411260215,36.260770645190192,11.93901875934649,492.2368131689052,40.949974417865661,False,True,passed_numeric_support,False,0
-9.0473572423492978,36.260770645190192,11.93901875934649,492.2368131689052,40.949974417865661,False,True,passed_numeric_support,False,0
-7.4056846922624384,36.260770645190192,11.93901875934649,492.2368131689052,40.949974417865661,False,True,passed_numeric_support,False,0
-6.0618989934975724,36.260770645190192,11.93901875934649,492.2368131689052,40.949974417865661,False,True,passed_numeric_support,False,0
-4.9619476030029031,36.260770645190192,11.93901875934649,492.2368131689052,40.949974417865661,False,True,passed_numeric_support,False,0
-4.0615859883769794,36.260770645190192,11.93901875934649,492.2368131689052,40.949974417865661,False,True,passed_numeric_support,False,0
-3.3245979322709416,36.260770645190192,11.93901875934649,492.2368131689052,40.949974417865661,False,True,passed_numeric_support,False,0
-2.7213387683753085,36.260770645190192,11.93901875934649,492.2368131689052,40.949974417865661,False,True,passed_numeric_support,False,0
-2.2275429519995575,36.260770645190192,11.93901875934649,492.2368131689052,40.949974417865661,False,True,passed_numeric_support,False,0
-1.8233480008684413,36.260770645190192,11.93901875934649,492.2368131689052,40.949974417865661,False,True,passed_numeric_support,False,0
-1.5,36.260770645190192,11.93901875934649,492.2368131689052,40.949974417865661,False,True,passed_numeric_support,False,0
-1.4924955450518298,36.260770645190192,11.93901875934649,492.2368131689052,40.949974417865661,False,True,passed_numeric_support,False,0
-1.49,36.260770645190192,11.93901875934649,492.2368131689052,40.949974417865661,False,True,passed_numeric_support,False,0
-1.48,36.260770645190192,11.93901875934649,492.2368131689052,40.949974417865661,False,True,passed_numeric_support,False,0
-1.47,36.260770645190192,11.93901875934649,492.2368131689052,40.949974417865661,False,True,passed_numeric_support,False,0
-1.46,36.260770645190192,11.93901875934649,492.2368131689052,40.949974417865661,False,True,passed_numeric_support,False,0
-1.45,36.260770645190192,11.93901875934649,492.2368131689052,40.949974417865661,False,True,passed_numeric_support,False,0
-1.4399999999999999,36.260770645190192,11.93901875934649,492.2368131689052,40.949974417865661,False,True,passed_numeric_support,False,0
-1.4299999999999999,36.260770645190192,11.93901875934649,492.2368131689052,40.949974417865661,False,True,passed_numeric_support,False,0
-1.4199999999999999,36.260770645190192,11.93901875934649,492.2368131689052,40.949974417865661,False,True,passed_numeric_support,False,0
-1.4099999999999999,36.260770645190192,11.93901875934649,492.2368131689052,40.949974417865661,False,True,passed_numeric_support,False,0
-1.3999999999999999,36.260770645190192,11.93901875934649,492.2368131689052,40.949974417865661,False,True,passed_numeric_support,False,0
-1.3899999999999999,36.260770645190192,11.93901875934649,492.2368131689052,40.949974417865661,False,True,passed_numeric_support,False,0
-1.3799999999999999,36.260770645190192,11.93901875934649,492.2368131689052,40.949974417865661,False,True,passed_numeric_support,False,0
-1.3700000000000001,36.260770645190192,11.93901875934649,492.2368131689052,40.949974417865661,False,True,passed_numeric_support,False,0
-1.3599999999999999,36.260770645190192,11.93901875934649,492.2368131689052,40.949974417865661,False,True,passed_numeric_support,False,0
-1.3500000000000001,36.260770645190192,11.93901875934649,492.2368131689052,40.949974417865661,False,True,passed_numeric_support,False,0
-1.3400000000000001,36.260770645190192,11.93901875934649,492.2368131689052,40.949974417865661,False,True,passed_numeric_support,False,0
-1.3300000000000001,36.260770645190192,11.93901875934649,492.2368131689052,40.949974417865661,False,True,passed_numeric_support,False,0
-1.3200000000000001,36.260770645190192,11.93901875934649,492.2368131689052,40.949974417865661,False,True,passed_numeric_support,False,0
-1.3100000000000001,36.260770645190192,11.93901875934649,492.2368131689052,40.949974417865661,False,True,passed_numeric_support,False,0
-1.3,36.260770645190192,11.93901875934649,492.2368131689052,40.949974417865661,False,True,passed_numeric_support,False,0
-1.29,36.260770645190192,11.93901875934649,492.2368131689052,40.949974417865661,False,True,passed_numeric_support,False,0
-1.28,36.260770645190192,11.93901875934649,492.2368131689052,40.949974417865661,False,True,passed_numeric_support,False,0
-1.27,36.260770645190192,11.93901875934649,492.2368131689052,40.949974417865661,False,True,passed_numeric_support,False,0
-1.26,36.260770645190192,11.93901875934649,492.2368131689052,40.949974417865661,False,True,passed_numeric_support,False,0
-1.25,36.260770645190192,11.93901875934649,492.2368131689052,40.949974417865661,False,True,passed_numeric_support,False,0
-1.24,36.260770645190192,11.93901875934649,492.2368131689052,40.949974417865661,False,True,passed_numeric_support,False,0
-1.23,36.260770645190192,11.93901875934649,492.2368131689052,40.949974417865661,False,True,passed_numeric_support,False,0
-1.2216773489967918,36.260770645190192,11.93901875934649,492.2368131689052,40.949974417865661,False,True,passed_numeric_support,False,0
-1.22,36.260770645190192,11.93901875934649,492.2368131689052,40.949974417865661,False,True,passed_numeric_support,False,0
-1.21,36.260770645190192,11.93901875934649,492.2368131689052,40.949974417865661,False,True,passed_numeric_support,False,0
-1.2,36.260770645190192,11.93901875934649,492.2368131689052,40.949974417865661,False,True,passed_numeric_support,False,0
-1.1899999999999999,36.260770645190192,11.93901875934649,492.2368131689052,40.949974417865661,False,True,passed_numeric_support,False,0
-1.1799999999999999,36.260770645190192,11.93901875934649,492.2368131689052,40.949974417865661,False,True,passed_numeric_support,False,0
-1.1699999999999999,36.260770645190192,11.93901875934649,492.2368131689052,40.949974417865661,False,True,passed_numeric_support,False,0
-1.1599999999999999,36.260770645190192,11.93901875934649,492.2368131689052,40.949974417865661,False,True,passed_numeric_support,False,0
-1.1499999999999999,36.260770645190192,11.93901875934649,492.2368131689052,40.949974417865661,False,True,passed_numeric_support,False,0
-1.1400000000000001,36.260770645190192,11.93901875934649,492.2368131689052,40.949974417865661,False,True,passed_numeric_support,False,0
-1.1299999999999999,36.260770645190192,11.93901875934649,492.2368131689052,40.949974417865661,False,True,passed_numeric_support,False,0
-1.1200000000000001,36.260770645190192,11.93901875934649,492.2368131689052,40.949974417865661,False,True,passed_numeric_support,False,0
-1.1099999999999999,36.260770645190192,11.93901875934649,492.2368131689052,40.949974417865661,False,True,passed_numeric_support,False,0
-1.1000000000000001,36.260770645190192,11.93901875934649,492.2368131689052,40.949974417865661,False,True,passed_numeric_support,False,0
-1.0899999999999999,36.260770645190192,11.93901875934649,492.2368131689052,40.949974417865661,False,True,passed_numeric_support,False,0
-1.0800000000000001,36.260770645190192,11.93901875934649,492.2368131689052,40.949974417865661,False,True,passed_numeric_support,False,0
-1.0700000000000001,36.260770645190192,11.93901875934649,492.2368131689052,40.949974417865661,False,True,passed_numeric_support,False,0
-1.0600000000000001,36.260770645190192,11.93901875934649,492.2368131689052,40.949974417865661,False,True,passed_numeric_support,False,0
-1.05,36.260770645190192,11.93901875934649,492.2368131689052,40.949974417865661,False,True,passed_numeric_support,False,0
-1.04,36.260770645190192,11.93901875934649,492.2368131689052,40.949974417865661,False,True,passed_numeric_support,False,0
-1.03,36.260770645190192,11.93901875934649,492.2368131689052,40.949974417865661,False,True,passed_numeric_support,False,0
-1.02,36.260770645190192,11.93901875934649,492.2368131689052,40.949974417865661,False,True,passed_numeric_support,False,0
-1.01,36.260770645190192,11.93901875934649,492.2368131689052,40.949974417865661,False,True,passed_numeric_support,False,0
-1,36.260770645190192,11.93901875934649,492.2368131689052,40.949974417865661,False,True,passed_numeric_support,False,0
-0.98999999999999999,36.260770645190192,11.93901875934649,492.2368131689052,40.949974417865661,False,True,passed_numeric_support,False,0
-0.97999999999999998,36.260770645190192,11.93901875934649,492.2368131689052,40.949974417865661,False,True,passed_numeric_support,False,0
-0.96999999999999997,36.260770645190192,11.93901875934649,492.2368131689052,40.949974417865661,False,True,passed_numeric_support,False,0
-0.95999999999999996,36.260770645190192,11.93901875934649,492.2368131689052,40.949974417865661,False,True,passed_numeric_support,False,0
-0.94999999999999996,36.260770645190192,11.93901875934649,492.2368131689052,40.949974417865661,False,True,passed_numeric_support,False,0
-0.93999999999999995,36.260770645190192,11.93901875934649,492.2368131689052,40.949974417865661,False,True,passed_numeric_support,False,0
-0.92999999999999994,36.260770645190192,11.93901875934649,492.2368131689052,40.949974417865661,False,True,passed_numeric_support,False,0
-0.92000000000000004,36.260770645190192,11.93901875934649,492.2368131689052,40.949974417865661,False,True,passed_numeric_support,False,0
-0.91000000000000003,36.260770645190192,11.93901875934649,492.2368131689052,40.949974417865661,False,True,passed_numeric_support,False,0
-0.90000000000000002,36.260770645190192,11.93901875934649,492.2368131689052,40.949974417865661,False,True,passed_numeric_support,False,0
-0.89000000000000001,36.260770645190192,11.93901875934649,492.2368131689052,40.949974417865661,False,True,passed_numeric_support,False,0
-0.88,36.260770645190192,11.93901875934649,492.2368131689052,40.949974417865661,False,True,passed_numeric_support,False,0
-0.87,36.260770645190192,11.93901875934649,492.2368131689052,40.949974417865661,False,True,passed_numeric_support,False,0
-0.85999999999999999,36.260770645190192,11.93901875934649,492.2368131689052,40.949974417865661,False,True,passed_numeric_support,False,0
-0.84999999999999998,36.260770645190192,11.93901875934649,492.2368131689052,40.949974417865661,False,True,passed_numeric_support,False,0
-0.83999999999999997,36.260770645190192,11.93901875934649,492.2368131689052,40.949974417865661,False,True,passed_numeric_support,False,0
-0.82999999999999996,36.260770645190192,11.93901875934649,492.2368131689052,40.949974417865661,False,True,passed_numeric_support,False,0
-0.81999999999999995,36.260770645190192,11.93901875934649,492.2368131689052,40.949974417865661,False,True,passed_numeric_support,False,0
-0.81854673070690287,36.260770645190192,11.93901875934649,492.2368131689052,40.949974417865661,False,True,passed_numeric_support,False,0
-0.80999999999999994,36.260770645190192,11.93901875934649,492.2368131689052,40.949974417865661,False,True,passed_numeric_support,False,0
-0.79999999999999993,36.260770645190192,11.93901875934649,492.2368131689052,40.949974417865661,False,True,passed_numeric_support,False,0
-0.79000000000000004,36.260770645190192,11.93901875934649,492.2368131689052,40.949974417865661,False,True,passed_numeric_support,False,0
-0.78000000000000003,36.260770645190192,11.93901875934649,492.2368131689052,40.949974417865661,False,True,passed_numeric_support,False,0
-0.77000000000000002,36.260770645190192,11.93901875934649,492.2368131689052,40.949974417865661,False,True,passed_numeric_support,False,0
-0.76000000000000001,36.260770645190192,11.93901875934649,492.2368131689052,40.949974417865661,False,True,passed_numeric_support,False,0
-0.75,36.260770645190192,11.93901875934649,492.2368131689052,40.949974417865661,False,True,passed_numeric_support,False,0
-0.73999999999999999,36.260770645190192,11.93901875934649,492.2368131689052,40.949974417865661,False,True,passed_numeric_support,False,0
-0.72999999999999998,36.260770645190192,11.93901875934649,492.2368131689052,40.949974417865661,False,True,passed_numeric_support,False,0
-0.71999999999999997,36.260770645190192,11.93901875934649,492.2368131689052,40.949974417865661,False,True,passed_numeric_support,False,0
-0.70999999999999996,36.260770645190192,11.93901875934649,492.2368131689052,40.949974417865661,False,True,passed_numeric_support,False,0
-0.69999999999999996,36.260770645190192,11.93901875934649,492.2368131689052,40.949974417865661,False,True,passed_numeric_support,False,0
-0.68999999999999995,36.260770645190192,11.93901875934649,492.2368131689052,40.949974417865661,False,True,passed_numeric_support,False,0
-0.67999999999999994,36.260770645190192,11.93901875934649,492.2368131689052,40.949974417865661,False,True,passed_numeric_support,False,0
-0.67001875035095904,36.260770645190192,11.93901875934649,492.2368131689052,40.949974417865661,False,True,passed_numeric_support,False,0
-0.66999999999999993,36.260770645190192,11.93901875934649,492.2368131689052,40.949974417865661,False,True,passed_numeric_support,False,0
-0.66000000000000003,36.260770645190192,11.93901875934649,492.2368131689052,40.949974417865661,False,True,passed_numeric_support,False,0
-0.65000000000000002,36.260770645190192,11.93901875934649,492.2368131689052,40.949974417865661,False,True,passed_numeric_support,False,0
-0.64000000000000001,36.260770645190192,11.93901875934649,492.2368131689052,40.949974417865661,False,True,passed_numeric_support,False,0
-0.63,36.260770645190192,11.93901875934649,492.2368131689052,40.949974417865661,False,True,passed_numeric_support,False,0
-0.62,36.212306575807418,11.908821756315392,491.68937480823342,41.497412778537424,False,True,passed_numeric_support,False,0
-0.60999999999999999,36.061380661981808,11.816079125928317,489.98455233047122,43.20223525629963,False,True,passed_numeric_support,False,0
-0.59999999999999998,35.827242337669361,11.674487796527579,487.33978266782293,45.847004918947874,False,True,passed_numeric_support,False,0
-0.58999999999999997,35.525311419705652,11.494889881286396,483.92924432733179,49.257543259439039,False,True,passed_numeric_support,False,0
-0.57999999999999996,35.167814309939814,11.285795965624136,479.8910437757151,53.295743811055679,False,True,passed_numeric_support,False,0
-0.56999999999999995,34.764572765143882,11.053966628230146,475.33612519274732,57.850662394023459,False,True,passed_numeric_support,False,0
-0.55999999999999994,34.323557457233356,10.804821544666259,470.3545233531068,62.832264233664006,False,True,passed_numeric_support,False,0
-0.54999999999999993,33.851286845879599,10.54273500992028,465.01986919455919,68.166918392211599,False,True,passed_numeric_support,False,0
-0.54844165761210206,33.775236728815067,10.500966781835341,464.16082553716666,69.025962049604146,False,True,passed_numeric_support,False,0
-0.54000000000000004,33.353120651915376,10.271254042643077,459.39270482229125,73.794082764479612,False,True,passed_numeric_support,False,0
-0.53000000000000003,32.833479133285557,9.9932620994394661,453.52296039680954,79.663827189961282,False,True,passed_numeric_support,False,0
-0.52000000000000002,32.296008371043321,9.7111034671738015,447.45182116442231,85.734966422348535,False,True,passed_numeric_support,False,0
-0.51000000000000001,31.743704710596575,9.42667834725275,441.21313311534459,91.973654471426187,False,True,passed_numeric_support,False,0
-0.5,31.179006572837956,9.1415152345214814,434.83444005993113,98.352347526839722,False,True,passed_numeric_support,False,0
-0.48999999999999999,30.603857834264261,8.8568246303942004,428.33769955511639,104.84908803165447,False,True,passed_numeric_support,False,0
-0.47999999999999998,30.019742670192258,8.5735357488397295,421.73967648492084,111.44711110184994,False,True,passed_numeric_support,False,0
-0.46999999999999997,29.417711353125416,8.2876253208453647,414.93927690053761,118.24751068623323,True,True,passed_numeric_support,False,0
-0.45999999999999996,28.553470184930177,7.8857256496650106,405.17701850235983,128.009769084411,True,True,passed_numeric_support,True,1
-0.44999999999999996,27.721355054993552,7.5070872352736462,395.77764803214927,137.40913955462156,True,True,passed_numeric_support,True,2
-0.44892512582186078,27.633751681544609,7.4677127671730954,394.78810159576909,138.39868599100174,True,True,passed_numeric_support,False,2
-0.43999999999999995,26.919633318767417,7.1502964237303512,386.72159395777641,146.46519362899443,True,True,passed_numeric_support,True,3
-0.42999999999999994,26.146694303245351,6.8140446073346377,377.99066250803207,155.19612507873873,True,True,passed_numeric_support,True,4
-0.41999999999999993,25.40103874580355,6.4971188563233611,369.56791837633887,163.61886921043194,True,True,passed_numeric_support,True,5
-0.40999999999999992,24.681269302108213,6.1983935224018509,361.43757750037724,171.74921008639356,True,True,passed_numeric_support,True,6
-0.39999999999999991,23.986081996475875,5.9168226986714787,353.58491048743218,179.60187709933862,True,True,passed_numeric_support,True,7
-0.3899999999999999,23.314258503303392,5.6514334353980358,345.99615542729998,187.19063215947085,True,True,passed_numeric_support,True,8
-0.37999999999999989,22.664659161733873,5.4013196240822774,338.65843898765081,194.52834859912002,True,True,passed_numeric_support,True,9
-0.36999999999999988,22.036208527387405,5.1656334633802485,331.55961320988712,201.62717437688372,True,True,passed_numeric_support,False,9
-0.36746619407366882,21.880196269721402,5.1081063106549705,329.79733662706815,203.38945095970269,True,True,passed_numeric_support,False,9
-0.35999999999999988,21.427813623624811,4.943553028250907,324.68733209526749,208.49945549150331,True,True,passed_numeric_support,False,9
-0.34999999999999987,20.838523282548596,4.7343394051057626,318.03085148216542,215.15593610460544,True,True,passed_numeric_support,False,9
-0.34000000000000008,20.26747363556542,4.5373124218673651,311.58041332069774,221.60637426607309,True,True,passed_numeric_support,False,9
-0.33000000000000007,19.713854281256424,4.3518357371766054,305.32686351320251,227.85992407356827,True,True,passed_numeric_support,False,9
-0.32000000000000006,19.17690471494338,4.1773135409515501,299.26161158348509,233.92517600328574,True,True,passed_numeric_support,False,9
-0.31000000000000005,18.655911197331374,4.0131875717703789,293.37659530576593,239.81019228100484,True,True,passed_numeric_support,False,9
-0.3007882518043099,18.189526401157437,3.8707466304228078,288.10842588641367,245.07836170035719,True,True,passed_numeric_support,False,9
-0.30000000000000004,18.150204082396677,3.858934430858993,287.66425052115113,245.52253706561967,True,True,passed_numeric_support,False,9
-0.29000000000000004,17.6591556750253,3.7140631858754292,282.11748693803736,251.06930064873347,True,True,passed_numeric_support,False,9
-0.28000000000000003,17.182178778128115,3.5781132781171783,276.72967172067735,256.45711586609349,True,True,passed_numeric_support,False,9
-0.27000000000000002,16.718726312393414,3.4506527968734231,271.49462519399685,261.69216239277398,True,True,passed_numeric_support,False,9
-0.26000000000000001,16.26829301115313,3.3312773213505533,266.4066399883921,266.78014759837873,True,True,passed_numeric_support,False,9
-0.25,15.830422672548867,3.219610089615593,261.46056295843658,271.72622462833425,True,True,passed_numeric_support,False,9
-0.24620924014946255,15.667638185688062,3.1792219563409652,259.62178891893035,273.56499866784048,True,True,passed_numeric_support,False,9
-0.23999999999999999,15.404748414677185,3.1153098335663039,256.65224989522784,276.53453769154294,False,True,passed_numeric_support,False,9
-0.22999999999999998,14.990960605030393,3.0180599990362702,251.97820326513789,281.20858432163294,False,True,passed_numeric_support,False,9
-0.21999999999999997,14.588542244242587,2.9275066147880828,247.43258316885681,285.75420441791397,False,True,passed_numeric_support,False,9
-0.20999999999999996,14.196972158664815,2.8433102159948427,243.00950255538709,290.17728503138369,False,True,passed_numeric_support,False,9
-0.20153376859417332,13.873572712995022,2.776760186336539,239.35646093848652,293.83032664828431,False,True,passed_numeric_support,False,9
-0.19999999999999996,13.815756242832546,2.7651525239394337,238.70338012937015,294.48340745740069,False,True,passed_numeric_support,False,9
-0.18999999999999995,13.444425191762551,2.6927349209984839,234.5089147356627,298.67787285110813,False,True,passed_numeric_support,False,9
-0.17999999999999994,13.082532360975611,2.6257770626259407,230.42106118667272,302.76572640009806,False,True,passed_numeric_support,False,9
-0.16999999999999993,12.729651733943971,2.5640156151569573,226.43500730313957,306.75178028363126,False,True,passed_numeric_support,False,9
-0.16496480740980207,12.555251539935652,2.5348057468111831,224.46502505598869,308.72176253078209,False,True,passed_numeric_support,False,9
-0.15999999999999992,12.385375972378093,2.5072031089298283,222.54615189064629,310.64063569612455,False,True,passed_numeric_support,False,9
-0.14999999999999991,12.049314518719953,2.4551068970111412,218.7500833058449,314.43670428092588,False,True,passed_numeric_support,False,9
-0.1399999999999999,11.721091722767161,2.4075082123224347,215.04255829525704,318.1442292915138,False,True,passed_numeric_support,False,9
-0.13503140378698736,11.560813299361863,2.3854666573666119,213.23209214007198,319.95469544669885,False,True,passed_numeric_support,False,9
-0.12999999999999989,11.400344952981108,2.3642013164001092,211.41948066106949,321.76730692570129,False,True,passed_numeric_support,False,9
-0.11999999999999988,11.086722651821786,2.3249927356353908,207.8768792946685,325.30990829210231,False,True,passed_numeric_support,False,9
-0.11052951411260221,10.795965347820379,2.2914739783814655,204.59255538454204,328.59423220222885,False,True,passed_numeric_support,False,9
-0.10999999999999988,10.779882278730959,2.2897005818769793,204.41088494107711,328.77590264569369,False,True,passed_numeric_support,False,9
-0.099999999999999867,10.47948807006402,2.2581539567318618,201.01770489568923,332.1690826910816,False,True,passed_numeric_support,False,9
-0.090473572423493021,10.199011701729017,2.2314379967212958,197.84951193863927,335.33727564813154,False,True,passed_numeric_support,False,9
-0.09000000000000008,10.185208518122105,2.2301924412803817,197.69359452802857,335.49319305874229,False,True,passed_numeric_support,False,9
-0.080000000000000071,9.8967134364692928,2.2056656768064817,194.43482413228423,338.75196345448666,False,True,passed_numeric_support,False,9
-0.074056846922624417,9.727860890159544,2.1926582949859599,192.52750676656757,340.65928082020326,False,True,passed_numeric_support,False,9
-0.070000000000000062,9.6136704128992694,2.1844330465308417,191.23763886088335,341.94914872588748,False,True,passed_numeric_support,False,9
-0.06061898993497572,9.3528020137039256,2.1673924570023111,188.29093276242008,344.89585482435069,False,True,passed_numeric_support,False,9
-0.060000000000000053,9.335740360147522,2.1663634763493418,188.09820846641645,345.08857912035438,False,True,passed_numeric_support,False,9
-0.050000000000000044,9.0625717103034003,2.1513353839079263,185.01256172312543,348.1742258636454,False,True,passed_numeric_support,False,9
-0.049619476030029031,9.0522661216878966,2.1508220650375156,184.89615229632159,348.29063529044919,False,True,passed_numeric_support,False,9
-0.040615859883769798,8.8102260509566825,2.1398992271196131,182.16212642467099,351.02466116209985,False,True,passed_numeric_support,False,9
-0.040000000000000036,8.7937925230340941,2.1392368248481177,181.976497283318,351.21029030345284,False,True,passed_numeric_support,False,9
-0.033245979322709417,8.6145401358141385,2.1326710796564718,179.95170583976102,353.23508174700981,False,True,passed_numeric_support,False,9
-0.030000000000000027,8.5289992726174049,2.1299659187331952,178.98545701841229,354.20133056835857,False,True,passed_numeric_support,False,9
-0.027213387683753087,8.4558621768153834,2.1278736456123148,178.15931814191953,355.02746944485131,False,True,passed_numeric_support,False,9
-0.022275429519995588,8.3269030455651283,2.1246822994689176,176.7026271065937,356.48416048017714,False,True,passed_numeric_support,False,9
-0.020000000000000018,8.2677401148995298,2.1234317000641103,176.03433700655467,357.15245058021617,False,True,passed_numeric_support,False,9
-0.018233480008684425,8.2219172709168582,2.1225557030434787,175.51673328671291,357.67005430005793,False,True,passed_numeric_support,False,9
-0.014924955450518291,8.1363374510665931,2.1211367716498799,174.55004442046459,358.63674316630625,False,True,passed_numeric_support,False,9
-0.012216773489967919,8.0665081674005101,2.120189084491944,173.76126978672261,359.42551780004823,False,True,passed_numeric_support,False,9
-0.010000000000000009,8.0094884327074212,2.1195556649334493,173.11718870802105,360.06959887874979,False,True,passed_numeric_support,False,9
-0.01,8.0094884327074212,2.1195556649334493,173.11718870802105,360.06959887874979,False,True,passed_numeric_support,False,9
-0.008185467307069037,7.9629023921317934,2.119132058968094,172.5909641047694,360.59582348200138,False,True,passed_numeric_support,False,9
-0.0067001875035095906,7.9248247053846166,2.1188486473463475,172.16084780053563,361.0259397862352,False,True,passed_numeric_support,False,9
-0.0054844165761210152,7.8936913990878308,2.118658970725265,171.80917353177392,361.37761405499691,False,True,passed_numeric_support,False,9
-0.0044892512582186076,7.8682297400057868,2.1185319960248741,171.52156481287398,361.66522277389686,False,True,passed_numeric_support,False,9
-0.0036746619407366878,7.8474025768851625,2.1184469795857903,171.28630623509861,361.90048135167223,False,True,passed_numeric_support,False,9
-0.0030078825180431018,7.8303638693777184,2.1183900481679494,171.09384113209271,362.09294645467816,False,True,passed_numeric_support,False,9
-0.0024620924014946257,7.8164229262208922,2.1183519196193856,170.9363676230542,362.25041996371664,False,True,passed_numeric_support,False,9
-0.0020153376859417351,7.8050155498747857,2.1183263816232079,170.80751266955954,362.37927491721126,False,True,passed_numeric_support,False,9
-0.0016496480740980208,7.7956806547056949,2.1183092754226833,170.70206796024206,362.48471962652877,False,True,passed_numeric_support,False,9
-0.0013503140378698722,7.7880412941839579,2.1182978164875763,170.61577559862525,362.57101198814559,False,True,passed_numeric_support,False,9
-0.0011052951411260222,7.781789238981375,2.1182901401640839,170.54515390105587,362.64163368571496,False,True,passed_numeric_support,False,9
-0.00090473572423492934,7.7766723753116551,2.1182849976249707,170.48735505141721,362.69943253535365,False,True,passed_numeric_support,False,9
-0.00074056846922624427,7.7724844750684206,2.1182815524326979,170.4400495470918,362.74673803967897,False,True,passed_numeric_support,False,9
-0.00060618989934975724,7.7690568035560323,2.1182792443053016,170.40133140192651,362.78545618484429,False,True,passed_numeric_support,False,9
-0.00049619476030029086,7.7662513152926769,2.118277697938288,170.36964128767619,362.81714629909465,False,True,passed_numeric_support,False,9
-0.00040615859883769796,7.7639550264726971,2.1182766619038627,170.34370296670465,362.84308462006618,False,True,passed_numeric_support,False,9
-0.00033245979322709453,7.7620755041289637,2.1182759677773761,170.32247233865786,362.86431524811297,False,True,passed_numeric_support,False,9
-0.00027213387683753089,7.7605370919594998,2.118275502719082,170.30509480831807,362.88169277845276,False,True,passed_numeric_support,False,9
-0.00022275429519995563,7.7592778725043621,2.1182751911317692,170.29087097109129,362.89591661567954,False,True,passed_numeric_support,False,9
-0.00018233480008684422,7.7582471755241045,2.1182749823688991,170.27922846825555,362.90755911851528,False,True,passed_numeric_support,False,9
-0.00014924955450518291,7.7574035516046411,2.11827484250141,170.26969909729317,362.91708848947763,False,True,passed_numeric_support,False,9
-0.00012216773489967932,7.7567130070516086,2.1182747487868192,170.26189887368633,362.9248887130845,False,True,passed_numeric_support,False,9
-0.0001,7.7561477344300052,2.118274685992716,170.25551369140089,362.93127389536994,False,True,passed_numeric_support,False,9
0,7.7535979098158725,2.1182745584976979,170.22671149165706,362.96007609511372,False,True,passed_numeric_support,False,9
0.0001,7.7510497281467527,2.1182746858864614,170.19792785022122,362.98885973654961,False,True,passed_numeric_support,False,9
0.00012216773489967918,7.7504853663573492,2.1182747485798532,170.19155295647514,362.99523463029567,False,True,passed_numeric_support,False,9
0.00014924955450518291,7.7497960910712038,2.1182748421221413,170.18376707019888,363.00302051657195,False,True,passed_numeric_support,False,9
0.00018233480008684403,7.74895431708652,2.118274981683411,170.1742585956506,363.01252899112018,False,True,passed_numeric_support,False,9
0.00022275429519995563,7.7479264022837091,2.1182751898844741,170.16264751961577,363.02414006715503,False,True,passed_numeric_support,False,9
0.00027213387683753089,7.7466713509658716,2.1182755004435476,170.14847076465594,363.03831682211489,False,True,passed_numeric_support,False,9
0.00033245979322709415,7.7451393205913943,2.1182759635718331,170.13116532152281,363.05562226524796,False,True,passed_numeric_support,False,9
0.00040615859883769796,7.7432692091764261,2.1182766542136537,170.1100409970424,363.07674658972843,False,True,passed_numeric_support,False,9
0.00049619476030029032,7.7409868929403309,2.1182776839248327,170.08426050698586,363.10252707978503,False,True,passed_numeric_support,False,9
0.00060618989934975724,7.7382022657600356,2.1182792187573662,170.05280603446471,363.13398155230612,False,True,passed_numeric_support,False,9
0.00074056846922624351,7.7348056586345457,2.1182815059009155,170.01443878507138,363.1723488016994,False,True,passed_numeric_support,False,9
0.00090473572423492934,7.7306641261270279,2.1182849128270282,169.96765703943055,363.21913054734023,False,True,passed_numeric_support,False,9
0.0011052951411260222,7.7256163345134272,2.1182899857213164,169.91063841096712,363.27614917580371,False,True,passed_numeric_support,False,9
0.0013503140378698722,7.7194671802645045,2.1182975352893321,169.84117905758595,363.34560852918491,False,True,passed_numeric_support,False,9
0.0016496480740980208,7.7119810695536692,2.1183087636004885,169.75661776862404,363.43016981814679,False,True,passed_numeric_support,False,9
0.002015337685941733,7.7028742800957213,2.1183254504350826,169.65374968603555,363.53303790073528,False,True,passed_numeric_support,False,9
0.0024620924014946257,7.691806287544912,2.1183502261756622,169.52872832949021,363.65805925728068,False,True,passed_numeric_support,False,9
0.0030078825180430988,7.6783698991844087,2.1183869702956395,169.37695414892505,363.80983343784584,False,True,passed_numeric_support,False,9
0.0036746619407366878,7.6620807095144281,2.1184413892767187,169.19295541742818,363.99383216934262,False,True,passed_numeric_support,False,9
0.0044892512582186076,7.6423658317119623,2.1185218508176247,168.97026094454387,364.21652664222694,False,True,passed_numeric_support,False,9
0.0054844165761210152,7.6185528697019631,2.1186405774791517,168.70127550746611,364.48551207930473,False,True,passed_numeric_support,False,9
0.0067001875035095906,7.589859918103997,2.1188153396090339,168.37716689286412,364.80962069390671,False,True,passed_numeric_support,False,9
0.0081854673070690283,7.5553883423306889,2.1190718273157678,167.98778434262744,365.1990032441434,False,True,passed_numeric_support,False,9
0.01,7.5141205909579281,2.1194469253859447,167.52163384293075,365.66515374384011,False,True,passed_numeric_support,False,9
0.010000000000000009,7.5141205909579272,2.1194469253859447,167.52163384293073,365.66515374384011,False,True,passed_numeric_support,False,9
0.012216773489967919,7.4649262998836567,2.1199931505974732,166.96594707532967,366.22084051144117,False,True,passed_numeric_support,False,9
0.014924955450518291,7.406581071526789,2.1207845190700523,166.3068935420319,366.87989404473888,False,True,passed_numeric_support,False,9
0.018233480008684404,7.3378034848072016,2.1219240570610087,165.52999862164552,367.65678896512526,False,True,passed_numeric_support,False,9
0.020000000000000018,7.302161287251236,2.1226053114235901,165.12739301197888,368.05939457479195,False,True,passed_numeric_support,False,9
0.022275429519995563,7.2573173207696229,2.1235529861491891,164.62084645471765,368.56594113205318,False,True,passed_numeric_support,False,9
0.027213387683753087,7.1639471067769041,2.1258612054582939,163.56615918774386,369.62062839902694,False,True,passed_numeric_support,False,9
0.030000000000000027,7.1135269558322172,2.1273031902390906,162.99662540468535,370.19016218208549,False,True,passed_numeric_support,False,9
0.033245979322709417,7.056756342986179,2.1290978874020605,162.35535834588129,370.83142924088958,False,True,passed_numeric_support,False,9
0.040000000000000036,6.9450180185465786,2.1331853641124616,161.09318936307673,372.09359822369407,False,True,passed_numeric_support,False,9
0.040615859883769798,6.935238916547025,2.1335795360618452,160.98272700125574,372.20406058551509,False,True,passed_numeric_support,False,9
0.049619476030029031,6.7995760330281598,2.1396902810232961,159.45031200797473,373.73647557879605,False,True,passed_numeric_support,False,9
0.050000000000000044,6.7941317830194068,2.1399614569723266,159.38881508173978,373.79797250503105,False,True,passed_numeric_support,False,9
0.060000000000000053,6.6588724330589786,2.1473884223577189,157.86095830555695,375.32582928121388,False,True,passed_numeric_support,False,9
0.06061898993497572,6.6509754094630669,2.1478646851069758,157.77175544441485,375.41503214235598,False,True,passed_numeric_support,False,9
0.070000000000000062,6.5376249494485403,2.1552584221083824,156.49137616958245,376.69541141718838,False,True,passed_numeric_support,False,9
0.074056846922624348,6.4921215973468431,2.1585352648499865,155.97738135245558,377.20940623431528,False,True,passed_numeric_support,False,9
0.080000000000000071,6.4290693251312128,2.1633900015467793,155.26515819459951,377.92162939217133,False,True,passed_numeric_support,False,9
0.09000000000000008,6.3321214641672832,2.1716212942967479,154.17005869609162,379.01672889067925,False,True,passed_numeric_support,False,9
0.090473572423492937,6.3278024007108558,2.1720110317566919,154.12127160395642,379.06551598281436,False,True,passed_numeric_support,False,9
0.10000000000000009,6.2458928528872786,2.1798044036941961,153.1960412393795,379.99074634739134,False,True,passed_numeric_support,False,9
0.1100000000000001,6.1696646751551114,2.1878002864122221,152.33498625191851,380.85180133485238,False,True,passed_numeric_support,False,9
0.11052951411260209,6.165895653729959,2.188215875479484,152.29241230101837,380.89437528575246,False,True,passed_numeric_support,False,9
0.12000000000000011,6.1028748257407344,2.1954734471744373,151.58054432950911,381.60624325726172,False,True,passed_numeric_support,False,9
0.13000000000000012,6.045119457649724,2.2026854629553543,150.92815371455646,382.25863387221438,False,True,passed_numeric_support,False,9
0.13503140378698722,6.019398180992253,2.2060930049923986,150.63761241855963,382.54917516821121,False,True,passed_numeric_support,False,9
0.14000000000000012,5.9961764959450381,2.2092854541746285,150.37530590249142,382.81148168427944,False,True,passed_numeric_support,False,9
0.15000000000000013,5.9560741140111118,2.2150928290162852,149.92231913302413,383.2644684537467,False,True,passed_numeric_support,False,9
0.16000000000000014,5.9252862891461291,2.2198567818967714,149.57454733863315,383.61224024813765,False,True,passed_numeric_support,False,9
0.16496480740980207,5.9138762938086753,2.2217095347742259,149.44566280164815,383.74112478512268,False,True,passed_numeric_support,False,9
0.16999999999999993,5.9055376105739086,2.2231045608841171,149.35147106046048,383.83531652631035,False,True,passed_numeric_support,False,9
0.17999999999999994,5.9025558511400265,2.2236157029353474,149.31778982986657,383.86899775690426,False,True,passed_numeric_support,False,9
0.18999999999999995,5.9025558511400265,2.2236157029353474,149.31778982986657,383.86899775690426,False,True,passed_numeric_support,False,9
0.20000000000000001,5.9025558511400265,2.2236157029353474,149.31778982986657,383.86899775690426,False,True,passed_numeric_support,False,9
0.20153376859417332,5.9025558511400265,2.2236157029353474,149.31778982986657,383.86899775690426,False,True,passed_numeric_support,False,9
0.24620924014946255,5.9025558511400265,2.2236157029353474,149.31778982986657,383.86899775690426,False,True,passed_numeric_support,False,9
0.3007882518043099,5.9025558511400265,2.2236157029353474,149.31778982986657,383.86899775690426,False,True,passed_numeric_support,False,9
0.36746619407366882,5.9025558511400265,2.2236157029353474,149.31778982986657,383.86899775690426,False,True,passed_numeric_support,False,9
0.44892512582186028,5.9025558511400265,2.2236157029353474,149.31778982986657,383.86899775690426,False,True,passed_numeric_support,False,9
0.54844165761210151,5.9025558511400265,2.2236157029353474,149.31778982986657,383.86899775690426,False,True,passed_numeric_support,False,9
0.67001875035095904,5.9025558511400265,2.2236157029353474,149.31778982986657,383.86899775690426,False,True,passed_numeric_support,False,9
0.81854673070690287,5.9025558511400265,2.2236157029353474,149.31778982986657,383.86899775690426,False,True,passed_numeric_support,False,9
1,5.9025558511400265,2.2236157029353474,149.31778982986657,383.86899775690426,False,True,passed_numeric_support,False,9
1.2216773489967905,5.9025558511400265,2.2236157029353474,149.31778982986657,383.86899775690426,False,True,passed_numeric_support,False,9
1.4924955450518291,5.9025558511400265,2.2236157029353474,149.31778982986657,383.86899775690426,False,True,passed_numeric_support,False,9
1.8233480008684424,5.9025558511400265,2.2236157029353474,149.31778982986657,383.86899775690426,False,True,passed_numeric_support,False,9
2.2275429519995562,5.9025558511400265,2.2236157029353474,149.31778982986657,383.86899775690426,False,True,passed_numeric_support,False,9
2.7213387683753085,5.9025558511400265,2.2236157029353474,149.31778982986657,383.86899775690426,False,True,passed_numeric_support,False,9
3.3245979322709385,5.9025558511400265,2.2236157029353474,149.31778982986657,383.86899775690426,False,True,passed_numeric_support,False,9
4.0615859883769794,5.9025558511400265,2.2236157029353474,149.31778982986657,383.86899775690426,False,True,passed_numeric_support,False,9
4.9619476030028977,5.9025558511400265,2.2236157029353474,149.31778982986657,383.86899775690426,False,True,passed_numeric_support,False,9
6.0618989934975724,5.9025558511400265,2.2236157029353474,149.31778982986657,383.86899775690426,False,True,passed_numeric_support,False,9
7.405684692262442,5.9025558511400265,2.2236157029353474,149.31778982986657,383.86899775690426,False,True,passed_numeric_support,False,9
9.0473572423492925,5.9025558511400265,2.2236157029353474,149.31778982986657,383.86899775690426,False,True,passed_numeric_support,False,9
11.052951411260221,5.9025558511400265,2.2236157029353474,149.31778982986657,383.86899775690426,False,True,passed_numeric_support,False,9
13.503140378698722,5.9025558511400265,2.2236157029353474,149.31778982986657,383.86899775690426,False,True,passed_numeric_support,False,9
16.496480740980207,5.9025558511400265,2.2236157029353474,149.31778982986657,383.86899775690426,False,True,passed_numeric_support,False,9
20.15337685941731,5.9025558511400265,2.2236157029353474,149.31778982986657,383.86899775690426,False,True,passed_numeric_support,False,9
24.620924014946254,5.9025558511400265,2.2236157029353474,149.31778982986657,383.86899775690426,False,True,passed_numeric_support,False,9
30.078825180430957,5.9025558511400265,2.2236157029353474,149.31778982986657,383.86899775690426,False,True,passed_numeric_support,False,9
36.746619407366879,5.9025558511400265,2.2236157029353474,149.31778982986657,383.86899775690426,False,True,passed_numeric_support,False,9
44.892512582186079,5.9025558511400265,2.2236157029353474,149.31778982986657,383.86899775690426,False,True,passed_numeric_support,False,9
54.844165761210149,5.9025558511400265,2.2236157029353474,149.31778982986657,383.86899775690426,False,True,passed_numeric_support,False,9
67.001875035095907,5.9025558511400265,2.2236157029353474,149.31778982986657,383.86899775690426,False,True,passed_numeric_support,False,9
81.854673070690211,5.9025558511400265,2.2236157029353474,149.31778982986657,383.86899775690426,False,True,passed_numeric_support,False,9
100,5.9025558511400265,2.2236157029353474,149.31778982986657,383.86899775690426,False,True,passed_numeric_support,False,9
