t,rlo,rhi
0,1,0.0010065918886718701
0.19933865972437037,1,0.0012315673070488163
0.39867731944874074,1,0.0015067277020636243
0.59801597917311111,1,0.0018433888517245917
0.79735463889748148,1,0.0022552677888657922
0.99669329862185185,1,0.0027590754329048584
1.1960319583462222,1,0.0033756833493052947
1.3953706180705927,1,0.0041299169634305237
1.594709277794963,1,0.005052655704928093
1.7940479375193332,1,0.0061815593231481373
1.9933865972437037,1,0.0075626512436561492
2.1927252569680742,1,0.0092523432745079855
2.3920639166924444,1,0.011319792280637349
2.5914025764168147,1,0.013848931034573204
2.7907412361411854,1,0.016943148646696656
2.9900798958655557,1,0.020728987341457662
3.1894185555899259,1,0.025360624315470134
3.3887572153142962,1,0.031027197169756118
3.5880958750386664,1,0.037959777431107858
3.7874345347630372,1,0.046441182751519504
3.9867731944874074,1,0.056817403349778334
4.1861118542117781,1,0.069511710973182372
4.3854505139361484,1,0.08504230677735225
4.5847891736605186,1,0.10404285064740872
4.7841278333848889,1,0.1272900242803289
4.9834664931092592,1,0.15572633799944796
5.1828051528336294,1,0.19052606017385215
5.3821438125579997,1,0.23309385585914061
5.5814824722823708,1,0.28517637884014707
5.7808211320067411,1,0.34889473597412829
5.9801597917311113,1,0.42684809009452473
6.1794984514554816,1,0.522216058223957
6.3788371111798519,1,0.63888828895763294
6.5781757709042221,1,0.78162294354360817
6.7775144306285924,1,0.95624051792306397
6.9768530903529626,1.1675578541305542,1.1698608707623783
7.1761917500773329,1.4278080193316762,1.4311930674776219
7.375530409801704,1.7458324536203655,1.7509218411484995
7.5748690695260743,2.1344492294279447,2.1421061013786535
7.7742077292504446,2.6091862359580964,2.6206602026894936
7.9735463889748148,3.1888317592349553,3.2060869646122843
8.172885048699186,3.8965296374228546,3.9222377424049308
8.3722237084235562,4.759739901249139,4.7982796984810667
8.5715623681479265,5.8124712432563195,5.8698771032962425
8.7709010278722968,7.0948972169526687,7.1806334717427838
8.970239687596667,8.6559741271456723,8.783851296085297
9.1695783473210373,10.554139140873602,10.744678093637079
9.3689170070454075,12.85858828146708,13.142721715410717
9.5682556667697778,15.652703765114502,16.075234767092773
9.767594326494148,19.03221407934614,19.661202224880764
9.9669329862185183,23.111551139516038,24.046201387954536
10.166271645942889,28.01958246272638,29.406789936591888
10.365610305667259,33.904509559926154,35.958864941699233
10.564948965391629,40.930884187507836,43.965535736564249
10.764287625115999,49.275549359951803,53.747169886157579
10.96362628484037,59.128800733132607,65.693439011464903
11.162964944564742,70.674520677260503,80.277693601389345
11.362303604289112,84.092140622042194,98.074013769912199
11.561642264013482,99.525084910665797,119.77727979165184
11.760980923737852,117.07024871371307,146.2265663546865
11.960319583462223,136.7484495110684,178.43206500540916
12.159658243186593,158.47610569439266,217.6062870519992
12.358996902910963,182.05256389175304,265.20499117054487
12.558335562635333,207.13055455186463,322.94112180706935
12.757674222359704,233.23039594136736,392.84223965355181
12.957012882084074,259.74516856185357,477.27894011040991
13.156351541808444,285.98142473841631,578.99307270206714
13.355690201532814,311.20624571889573,701.1128727367211
13.555028861257185,334.71032313043509,847.14576252964196
13.754367520981555,355.85498272013263,1020.9365501791059
13.953706180705925,374.13882027239157,1226.5757387324556
14.153044840430296,389.20377098939923,1468.24052759713
14.352383500154666,400.86768916145485,1749.9511257002187
14.551722159879038,409.10082232946138,2075.2291566948434
14.751060819603408,414.00799466260918,2446.6981852177041
14.950399479327778,415.8063135709433,2865.4312159452347
15.149738139052149,414.77392636297674,3330.492597556999
15.349076798776519,411.24621350759838,3838.3766202436418
15.548415458500889,405.56387726173716,4382.6053459580198
15.747754118225259,398.07212055877318,4953.5861099574677
15.94709277794963,389.09644610367752,5538.8268824302704
16.146431437674,378.93635992884236,6123.5602670537037
16.345770097398372,367.86326037236353,6691.7441400430125
16.54510875712274,356.11261194885577,7227.3145321067141
16.744447416847112,343.8915048109335,7715.4958631630216
16.943786076571481,331.37420710568284,8143.9527189566616
17.143124736295853,318.70835234821328,8503.5517134541697
17.342463396020221,306.01627054032372,8788.8831895325402
17.541802055744594,293.39853229342515,8998.1306748178176
17.741140715468962,280.93632042390919,9132.6576088542442
17.940479375193334,268.69526910611341,9196.4092303915622
18.139818034917703,256.72589266040831,9195.2030255966165
18.339156694642075,245.06805924556895,9136.034005144309
18.538495354366443,233.75102261799543,9026.4664824729625
18.737834014090815,222.7959975148753,8874.1482873131099
18.937172673815184,212.2178201228152,8686.4550200743415
19.136511333539556,202.02456210973676,8470.2535096315351
19.335849993263928,192.22144503880745,8231.7642274718128
19.535188652988296,182.80789123089809,7976.4932182222165
19.734527312712668,173.78192469652913,7709.2448748787401
19.933865972437037,165.13823726712553,7434.1354378552869
20.133204632161409,156.86976933484556,7154.6375663966501
20.332543291885777,148.96849708766686,6873.6496563619257
20.531881951610149,141.42409079792793,6593.5614814701403
20.731220611334518,134.22698811038845,6316.319024717237
20.93055927105889,127.36526640228193,6043.4856186376292
21.129897930783258,120.82792170898811,5776.2978332689199
21.32923659050763,114.60302441286342,5515.7154430930277
21.528575250231999,108.67858960855006,5262.4653788318838
21.727913909956371,103.04313559151355,5017.0799175235525
21.927252569680739,97.684292184388482,4779.9325886927427
22.126591229405111,92.591101511852429,4551.2627470101907
22.325929889129483,87.751535804511704,4331.1918480666645
22.525268548853852,83.15476005621241,4119.7570418362175
22.724607208578224,78.789789528815177,3916.9229063114685
22.923945868302592,74.645932839170101,3722.5957191550651
23.123284528026964,70.713268920902408,3536.6354098945944
23.322623187751333,66.981465490222106,3358.8655438003689
23.521961847475705,63.441459481361882,3189.0816408776268
23.721300507200073,60.083661211950094,3027.0580899954784
23.920639166924445,56.89946023746004,2872.5538798524685
24.119977826648814,53.880338421454582,2725.3173348815853
24.319316486373186,51.018066298612659,2585.0912035582451
24.518655146097554,48.305116070599269,2451.617513861333
24.717993805821926,45.733729443867595,2324.6275667035552
24.917332465546295,43.297125607593522,2203.859572117191
25.116671125270667,40.988252177319723,2089.0546122805622
25.316009784995035,38.800766084417546,1979.9579997874807
25.515348444719407,36.728476552914273,1876.3203477727534
25.714687104443779,34.765405619248639,1777.8983995505127
25.914025764168148,32.906135317482459,1684.4556578573333
26.11336442389252,31.145097856376395,1595.7628474119367
26.312703083616888,29.477434926337224,1511.5982391607895
26.512041743341261,27.898145878998385,1431.7478600717516
26.711380403065629,26.402717288655751,1356.005608560868
26.910719062790001,24.986785411496463,1284.1769753961794
27.11005772251437,23.646127139034522,1216.0676301703934
27.309396382238742,22.376942698403962,1151.4950740407523
27.50873504196311,21.175326012039431,1090.2845181264404
27.708073701687482,20.037871702012787,1032.2687119045547
27.907412361411851,18.961100508320126,977.28776679701411
28.106751021136223,17.941858702455981,925.18896002769964
28.306089680860591,16.977120173006348,875.82652372043526
28.505428340584963,16.063946042923597,829.06142338904704
28.704767000309332,15.199708859175512,784.76112927863676
28.904105660033704,14.381702552003516,742.79938343068739
29.103444319758076,13.607569154600787,703.05596484850878
29.302782979482444,12.874913786837183,665.41806786388281
29.502121639206816,12.181555472448336,629.77541714611152
29.701460298931185,11.525415363298087,596.02412407471877
29.900798958655557,10.90446605956479,564.06580473245617
30.100137618379925,10.316905734966006,533.80696578791378
30.299476278104297,9.7608735377289459,505.15878868453768
30.498814937828666,9.2347485504214912,478.0369198126586
30.698153597553038,8.7368928969725221,452.36126703175842
30.897492257277406,8.265807671332956,428.05580280305401
31.096830917001778,7.8200729096640034,405.04837410170649
31.296169576726147,7.3982974258620429,383.27051920338118
31.495508236450519,6.9992518555698551,362.65729137682365
31.694846896174887,6.6216624190763573,343.14774448122898
31.894185555899259,6.2644198519817325,324.6831008799569
32.093524215623631,5.9264084980115515,307.20757203483885
32.292862875348,5.6066022131203201,290.66865265743661
32.492201535072368,5.3040345713004609,275.01657197081778
32.691540194796744,5.0177541515290995,260.20415722619731
32.890878854521112,4.7469248761727751,246.18670333570662
33.090217514245481,4.4906773612504738,232.92184843435882
33.289556173969849,4.2482546558109018,220.36945517794027
33.488894833694225,4.0188987782051662,208.49149757866047
33.688233493418593,3.8019089859430482,197.25195317850628
33.887572153142962,3.5966290559024485,186.61670035912789
34.08691081286733,3.4024097276394771,176.55366179960586
34.286249472591706,3.2186835824867792,167.03224396745671
34.485588132316074,3.0448583664317899,158.02315034546774
34.684926792040443,2.8804185021719175,149.49893579064548
34.884265451764811,2.7248498817521454,141.43361238540939
35.083604111489187,2.5776747551401824,133.80257347858256
35.282942771213555,2.4384482117316324,126.58252152865907
35.482281430937924,2.3067280906114029,119.75139957697606
35.6816200906623,2.1821290169048031,113.28832618432115
35.880958750386668,2.064248845295829,107.17353366990514
36.080297410111037,1.95273656082554,101.38830949769897
36.279636069835405,1.8472438543883292,95.914940660655475
36.478974729559781,1.7474453580187999,90.736734664419956
36.678313389284149,1.6530397332832805,85.837933599222211
36.877652049008518,1.5637263147403475,81.20330400694418
37.076990708732886,1.4792430858152839,76.818632117324654
37.276329368457262,1.3993177309298739,72.670465596811255
37.47566802818163,1.3237112941099802,68.746073112733569
37.675006687905999,1.2521879714250337,65.03340600658251
37.874345347630367,1.1845263329603286,61.521061970511816
38.073684007354743,1.1205224202001325,58.198250626187487
38.273022667079111,1.0599719110608257,55.054760909599231
38.47236132680348,1.0026967699555498,52.080930170118307
38.671699986527855,1,49.267614896258891
38.871038646252224,1,46.606174866192625
39.070377305976592,1,44.088534036599533
39.269715965700961,1,41.706808477285122
39.469054625425336,1,39.453669349382679
39.668393285149705,1,37.322182122722765
39.867731944874073,1,35.305785452754492
40.067070604598442,1,33.398271179349571
40.266409264322817,1,31.593765388890681
40.465747924047186,1,29.886710484100444
40.665086583771554,1,28.27184820876435
40.864425243495923,1,26.744203577281247
41.063763903220298,1,25.299069661425296
41.263102562944667,1,23.931993189227242
41.462441222669035,1,22.63882355168117
41.661779882393411,1,21.41551180795641
41.861118542117779,1,20.258280050065331
42.060457201842148,1,19.163560963700267
42.259795861566516,1,18.127979602885798
42.459134521290892,1,17.148343038163322
42.65847318101526,1,16.221630559559344
42.857811840739629,1,15.344984404873125
43.057150500463997,1,14.515700985300301
43.256489160188373,1,13.731222581932766
43.455827819912741,1,12.98912948800913
43.65516647963711,1,12.28713257316384
43.854505139361478,1,11.623091907139496
44.053843799085854,1,10.994939888582312
44.253182458810222,1,10.400728077382265
44.452521118534591,1,9.8386232536766389
44.651859778258967,1,9.3068911563953804
44.851198437983335,1,8.8038911472516119
45.050537097707704,1,8.3280711618499943
45.249875757432072,1,7.8779629325439799
45.449214417156448,1,7.4521774684541535
45.648553076880816,1,7.0494007788703463
45.847891736605185,1,6.6683898269613833
46.047230396329553,1,6.3079687014445254
46.246569056053929,1,5.9670348266237934
46.445907715778297,1,5.6445330350734189
46.645246375502666,1,5.3394590029209636
46.844585035227034,1,5.0508711478313773
47.04392369495141,1,4.7778787415902979
47.243262354675778,1,4.5196391651542998
47.442601014400147,1,4.2753553116977452
47.641939674124515,1,4.0442731297036172
47.841278333848891,1,3.8256792985514343
48.040616993573259,1,3.6188990294793668
48.239955653297628,1,3.4232939851612576
48.439294313022003,1,3.238260311519594
48.638632972746372,1,3.0632301070969365
48.83797163247074,1,2.8976650669072184
49.037310292195109,1,2.7410476665596915
49.236648951919484,1,2.5928944190107819
49.435987611643853,1,2.4527479569751556
49.635326271368221,1,2.3201756223224534
49.83466493109259,1,2.1947681316059167
50.034003590816965,1,2.0761383136238658
50.233342250541334,1,1.9639199151246907
50.432680910265702,1,1.8577664709855937
50.632019569990071,1,1.7573502353831412
50.831358229714446,1,1.662361170670366
51.030696889438815,1,1.5725068199882963
51.230035549163183,1,1.4875126148217723
51.429374208887559,1,1.407111919130881
51.628712868611927,1,1.3310565045786269
51.828051528336296,1,1.2591115548786322
52.027390188060664,1,1.1910549412805156
52.22672884778504,1,1.126676537178517
52.426067507509408,1,1.065777569734933
52.625406167233777,1,1.008170006517713
52.824744826958145,1,1
53.024083486682521,1,1
53.22342214640689,1,1
53.422760806131258,1,1
53.622099465855626,1,1
53.821438125580002,1,1
54.020776785304371,1,1
54.220115445028739,1,1
54.419454104753115,1,1
54.618792764477483,1,1
54.818131424201852,1,1
55.01747008392622,1,1
55.216808743650596,1,1
55.416147403374964,1,1
55.615486063099333,1,1
55.814824722823701,1,1
56.014163382548077,1,1
56.213502042272445,1,1
56.412840701996814,1,1
56.612179361721182,1,1
56.811518021445558,1,1
57.010856681169926,1,1
57.210195340894295,1,1
57.409534000618663,1,1
57.608872660343039,1,1
57.808211320067407,1,1
58.007549979791776,1,1
58.206888639516151,1,1
58.40622729924052,1,1
58.605565958964888,1,1
58.804904618689257,1,1
59.004243278413632,1,1
59.203581938138001,1,1
59.402920597862369,1,1
59.602259257586738,1,1
59.801597917311113,1,1
60.000936577035482,1,1
60.20027523675985,1,1
60.399613896484219,1,1
60.598952556208594,1,1
60.798291215932963,1,1
60.997629875657331,1,1
61.196968535381707,1,1
61.396307195106075,1,1
61.595645854830444,1,1
61.794984514554812,1,1
61.994323174279188,1,1
62.193661834003557,1,1
62.393000493727925,1,1
62.592339153452293,1,1
62.791677813176669,1,1
62.991016472901038,1,1
63.190355132625406,1,1
63.389693792349775,1,1
63.58903245207415,1,1
63.788371111798519,1,1
63.987709771522887,1,1
64.187048431247263,1,1
64.386387090971624,1,1
64.585725750696,1,1
64.785064410420375,1,1
64.984403070144737,1,1
65.183741729869112,1,1
65.383080389593488,1,1
65.582419049317849,1,1
65.781757709042225,1,1
65.981096368766586,1,1
66.180435028490962,1,1
66.379773688215337,1,1
66.579112347939699,1,1
66.778451007664074,1,1
66.97778966738845,1,1
67.177128327112811,1,1
67.376466986837187,1,1
67.575805646561562,1,1
67.775144306285924,1,1
67.974482966010299,1,1
68.173821625734661,1,1
68.373160285459036,1,1
68.572498945183412,1,1
68.771837604907773,1,1
68.971176264632149,1,1
69.170514924356524,1,1
69.369853584080886,1,1
69.569192243805261,1,1
69.768530903529623,1,1
69.967869563253998,1,1
70.167208222978374,1,1
70.366546882702735,1,1
70.565885542427111,1,1
70.765224202151487,1,1
70.964562861875848,1,1
71.163901521600224,1,1
71.363240181324599,1,1
71.56257884104896,1,1
71.761917500773336,1,1
71.961256160497697,1,1
72.160594820222073,1,1
72.359933479946449,1,1
72.55927213967081,1,1
72.758610799395186,1,1
72.957949459119561,1,1
73.157288118843923,1,1
73.356626778568298,1,1
73.555965438292674,1,1
73.755304098017035,1,1
73.954642757741411,1,1
74.153981417465772,1,1
74.353320077190148,1,1
74.552658736914523,1,1
74.751997396638885,1,1
74.95133605636326,1,1
75.150674716087636,1,1
75.350013375811997,1,1
75.549352035536373,1,1
75.748690695260734,1,1
75.94802935498511,1,1
76.147368014709485,1,1
76.346706674433847,1,1
76.546045334158222,1,1
76.745383993882598,1,1
76.944722653606959,1,1
77.144061313331335,1,1
77.34339997305571,1,1
77.542738632780072,1,1
77.742077292504447,1,1
77.941415952228809,1,1
78.140754611953184,1,1
78.34009327167756,1,1
78.539431931401921,1,1
78.738770591126297,1,1
78.938109250850673,1,1
79.137447910575034,1,1
79.33678657029941,1,1
79.536125230023771,1,1
79.735463889748146,1,1
79.934802549472522,1,1
80.134141209196883,1,1
80.333479868921259,1,1
80.532818528645635,1,1
80.732157188369996,1,1
80.931495848094372,1,1
81.130834507818747,1,1
81.330173167543109,1,1
81.529511827267484,1,1
81.728850486991846,1,1
81.928189146716221,1,1
82.127527806440597,1,1
82.326866466164958,1,1
82.526205125889334,1,1
82.725543785613709,1,1
82.924882445338071,1,1
83.124221105062446,1,1
83.323559764786822,1,1
83.522898424511183,1,1
83.722237084235559,1,1
83.92157574395992,1,1
84.120914403684296,1,1
84.320253063408671,1,1
84.519591723133033,1,1
84.718930382857408,1,1
84.918269042581784,1,1
85.117607702306145,1,1
85.316946362030521,1,1
85.516285021754882,1,1
85.715623681479258,1,1
85.914962341203633,1,1
86.114301000927995,1,1
86.31363966065237,1,1
86.512978320376746,1,1
86.712316980101107,1,1
86.911655639825483,1,1
87.110994299549859,1,1
87.31033295927422,1,1
87.509671618998595,1,1
87.709010278722957,1,1
87.908348938447332,1,1
88.107687598171708,1,1
88.307026257896069,1,1
88.506364917620445,1,1
88.705703577344821,1,1
88.905042237069182,1,1
89.104380896793558,1,1
89.303719556517933,1,1
89.503058216242295,1,1
89.70239687596667,1,1
89.901735535691031,1,1
90.101074195415407,1,1
90.300412855139783,1,1
90.499751514864144,1,1
90.69909017458852,1,1
90.898428834312895,1,1
91.097767494037257,1,1
91.297106153761632,1,1
91.496444813485994,1,1
91.695783473210369,1,1
91.895122132934745,1,1
92.094460792659106,1,1
92.293799452383482,1,1
92.493138112107857,1,1
92.692476771832219,1,1
92.891815431556594,1,1
93.09115409128097,1,1
93.290492751005331,1,1
93.489831410729707,1,1
93.689170070454068,1,1
93.888508730178444,1,1
94.087847389902819,1,1
94.287186049627181,1,1
94.486524709351556,1,1
94.685863369075932,1,1
94.885202028800293,1,1
95.084540688524669,1,1
95.28387934824903,1,1
95.483218007973406,1,1
95.682556667697781,1,1
95.881895327422143,1,1
96.081233987146518,1,1
96.280572646870894,1,1
96.479911306595255,1,1
96.679249966319631,1,1
96.878588626044007,1,1
97.077927285768368,1,1
97.277265945492744,1,1
97.476604605217105,1,1
97.67594326494148,1,1
97.875281924665856,1,1
98.074620584390217,1,1
98.273959244114593,1,1
98.473297903838969,1,1
98.67263656356333,1,1
98.871975223287706,1,1
99.071313883012081,1,1
99.270652542736443,1,1
99.469991202460818,1,1
99.66932986218518,1,1
99.868668521909555,1,1
100.06800718163393,1,1
100.26734584135829,1,1
100.46668450108267,1,1
100.66602316080704,1,1
100.8653618205314,1,1
101.06470048025578,1,1
101.26403913998014,1,1
101.46337779970452,1,1
101.66271645942889,1,1
101.86205511915325,1,1
102.06139377887763,1,1
102.26073243860201,1,1
102.46007109832637,1,1
102.65940975805074,1,1
102.85874841777512,1,1
103.05808707749948,1,1
103.25742573722385,1,1
103.45676439694822,1,1
103.65610305667259,1,1
103.85544171639697,1,1
104.05478037612133,1,1
104.2541190358457,1,1
104.45345769557008,1,1
104.65279635529444,1,1
104.85213501501882,1,1
105.05147367474318,1,1
105.25081233446755,1,1
105.45015099419193,1,1
105.64948965391629,1,1
105.84882831364067,1,1
106.04816697336504,1,1
106.2475056330894,1,1
106.44684429281378,1,1
106.64618295253815,1,1
106.84552161226252,1,1
107.04486027198689,1,1
107.24419893171125,1,1
107.44353759143563,1,1
107.64287625116,1,1
107.84221491088437,1,1
108.04155357060874,1,1
108.24089223033312,1,1
108.44023089005748,1,1
108.63956954978185,1,1
108.83890820950623,1,1
109.03824686923059,1,1
109.23758552895497,1,1
109.43692418867933,1,1
109.6362628484037,1,1
109.83560150812808,1,1
110.03494016785244,1,1
110.23427882757682,1,1
110.43361748730119,1,1
110.63295614702555,1,1
110.83229480674993,1,1
111.03163346647429,1,1
111.23097212619867,1,1
111.43031078592304,1,1
111.6296494456474,1,1
111.82898810537178,1,1
112.02832676509615,1,1
112.22766542482051,1,1
112.42700408454489,1,1
112.62634274426927,1,1
112.82568140399363,1,1
113.025020063718,1,1
113.22435872344236,1,1
113.42369738316674,1,1
113.62303604289112,1,1
113.82237470261548,1,1
114.02171336233985,1,1
114.22105202206423,1,1
114.42039068178859,1,1
114.61972934151296,1,1
114.81906800123733,1,1
115.0184066609617,1,1
115.21774532068608,1,1
115.41708398041044,1,1
115.61642264013481,1,1
115.81576129985919,1,1
116.01509995958355,1,1
116.21443861930793,1,1
116.4137772790323,1,1
116.61311593875666,1,1
116.81245459848104,1,1
117.0117932582054,1,1
117.21113191792978,1,1
117.41047057765415,1,1
117.60980923737851,1,1
117.80914789710289,1,1
118.00848655682726,1,1
118.20782521655163,1,1
118.407163876276,1,1
118.60650253600038,1,1
118.80584119572474,1,1
119.00517985544911,1,1
119.20451851517348,1,1
119.40385717489785,1,1
119.60319583462223,1,1
119.80253449434659,1,1
120.00187315407096,1,1
120.20121181379534,1,1
120.4005504735197,1,1
120.59988913324408,1,1
120.79922779296844,1,1
120.99856645269281,1,1
121.19790511241719,1,1
121.39724377214155,1,1
121.59658243186593,1,1
121.7959210915903,1,1
121.99525975131466,1,1
122.19459841103904,1,1
122.39393707076341,1,1
122.59327573048778,1,1
122.79261439021215,1,1
122.99195304993651,1,1
123.19129170966089,1,1
123.39063036938526,1,1
123.58996902910962,1,1
123.789307688834,1,1
123.98864634855838,1,1
124.18798500828274,1,1
124.38732366800711,1,1
124.58666232773149,1,1
124.78600098745585,1,1
124.98533964718023,1,1
125.18467830690459,1,1
125.38401696662896,1,1
125.58335562635334,1,1
125.7826942860777,1,1
125.98203294580208,1,1
126.18137160552645,1,1
126.38071026525081,1,1
126.58004892497519,1,1
126.77938758469955,1,1
126.97872624442392,1,1
127.1780649041483,1,1
127.37740356387266,1,1
127.57674222359704,1,1
127.77608088332141,1,1
127.97541954304577,1,1
128.17475820277014,1,1
128.37409686249453,1,1
128.57343552221889,1,1
128.77277418194325,1,1
128.97211284166764,1,1
129.171451501392,1,1
129.37079016111636,1,1
129.57012882084075,1,1
129.76946748056511,1,1
129.96880614028947,1,1
130.16814480001386,1,1
130.36748345973822,1,1
130.56682211946259,1,1
130.76616077918698,1,1
130.96549943891134,1,1
131.1648380986357,1,1
131.36417675836009,1,1
131.56351541808445,1,1
131.76285407780881,1,1
131.96219273753317,1,1
132.16153139725756,1,1
132.36087005698192,1,1
132.56020871670628,1,1
132.75954737643067,1,1
132.95888603615504,1,1
133.1582246958794,1,1
133.35756335560379,1,1
133.55690201532815,1,1
133.75624067505251,1,1
133.9555793347769,1,1
134.15491799450126,1,1
134.35425665422562,1,1
134.55359531395001,1,1
134.75293397367437,1,1
134.95227263339874,1,1
135.15161129312312,1,1
135.35094995284749,1,1
135.55028861257185,1,1
135.74962727229621,1,1
135.9489659320206,1,1
136.14830459174496,1,1
136.34764325146932,1,1
136.54698191119371,1,1
136.74632057091807,1,1
136.94565923064243,1,1
137.14499789036682,1,1
137.34433655009119,1,1
137.54367520981555,1,1
137.74301386953994,1,1
137.9423525292643,1,1
138.14169118898866,1,1
138.34102984871305,1,1
138.54036850843741,1,1
138.73970716816177,1,1
138.93904582788616,1,1
139.13838448761052,1,1
139.33772314733488,1,1
139.53706180705925,1,1
139.73640046678364,1,1
139.935739126508,1,1
140.13507778623236,1,1
140.33441644595675,1,1
140.53375510568111,1,1
140.73309376540547,1,1
140.93243242512986,1,1
141.13177108485422,1,1
141.33110974457858,1,1
141.53044840430297,1,1
141.72978706402733,1,1
141.9291257237517,1,1
142.12846438347609,1,1
142.32780304320045,1,1
142.52714170292481,1,1
142.7264803626492,1,1
142.92581902237356,1,1
143.12515768209792,1,1
143.32449634182228,1,1
143.52383500154667,1,1
143.72317366127103,1,1
143.92251232099539,1,1
144.12185098071978,1,1
144.32118964044415,1,1
144.52052830016851,1,1
144.7198669598929,1,1
144.91920561961726,1,1
145.11854427934162,1,1
145.31788293906601,1,1
145.51722159879037,1,1
145.71656025851473,1,1
145.91589891823912,1,1
146.11523757796348,1,1
146.31457623768785,1,1
146.51391489741223,1,1
146.7132535571366,1,1
146.91259221686096,1,1
147.11193087658535,1,1
147.31126953630971,1,1
147.51060819603407,1,1
147.70994685575843,1,1
147.90928551548282,1,1
148.10862417520718,1,1
148.30796283493154,1,1
148.50730149465593,1,1
148.7066401543803,1,1
148.90597881410466,1,1
149.10531747382905,1,1
149.30465613355341,1,1
149.50399479327777,1,1
149.70333345300216,1,1
149.90267211272652,1,1
150.10201077245088,1,1
150.30134943217527,1,1
150.50068809189963,1,1
150.70002675162399,1,1
150.89936541134838,1,1
151.09870407107275,1,1
151.29804273079711,1,1
151.49738139052147,1,1
151.69672005024586,1,1
151.89605870997022,1,1
152.09539736969458,1,1
152.29473602941897,1,1
152.49407468914333,1,1
152.69341334886769,1,1
152.89275200859208,1,1
153.09209066831644,1,1
153.29142932804081,1,1
153.4907679877652,1,1
153.69010664748956,1,1
153.88944530721392,1,1
154.08878396693831,1,1
154.28812262666267,1,1
154.48746128638703,1,1
154.68679994611142,1,1
154.88613860583578,1,1
155.08547726556014,1,1
155.28481592528451,1,1
155.48415458500889,1,1
155.68349324473326,1,1
155.88283190445762,1,1
156.08217056418201,1,1
156.28150922390637,1,1
156.48084788363073,1,1
156.68018654335512,1,1
156.87952520307948,1,1
157.07886386280384,1,1
157.27820252252823,1,1
157.47754118225259,1,1
157.67687984197696,1,1
157.87621850170135,1,1
158.07555716142571,1,1
158.27489582115007,1,1
158.47423448087446,1,1
158.67357314059882,1,1
158.87291180032318,1,1
159.07225046004754,1,1
159.27158911977193,1,1
159.47092777949629,1,1
159.67026643922065,1,1
159.86960509894504,1,1
160.06894375866941,1,1
160.26828241839377,1,1
160.46762107811816,1,1
160.66695973784252,1,1
160.86629839756688,1,1
161.06563705729127,1,1
161.26497571701563,1,1
161.46431437673999,1,1
161.66365303646438,1,1
161.86299169618874,1,1
162.0623303559131,1,1
162.26166901563749,1,1
162.46100767536186,1,1
162.66034633508622,1,1
162.85968499481061,1,1
163.05902365453497,1,1
163.25836231425933,1,1
163.45770097398369,1,1
163.65703963370808,1,1
163.85637829343244,1,1
164.0557169531568,1,1
164.25505561288119,1,1
164.45439427260555,1,1
164.65373293232992,1,1
164.85307159205431,1,1
165.05241025177867,1,1
165.25174891150303,1,1
165.45108757122742,1,1
165.65042623095178,1,1
165.84976489067614,1,1
166.04910355040053,1,1
166.24844221012489,1,1
166.44778086984925,1,1
166.64711952957364,1,1
166.846458189298,1,1
167.04579684902237,1,1
167.24513550874673,1,1
167.44447416847112,1,1
167.64381282819548,1,1
167.84315148791984,1,1
168.04249014764423,1,1
168.24182880736859,1,1
168.44116746709295,1,1
168.64050612681734,1,1
168.8398447865417,1,1
169.03918344626607,1,1
169.23852210599046,1,1
169.43786076571482,1,1
169.63719942543918,1,1
169.83653808516357,1,1
170.03587674488793,1,1
170.23521540461229,1,1
170.43455406433668,1,1
170.63389272406104,1,1
170.8332313837854,1,1
171.03257004350976,1,1
171.23190870323415,1,1
171.43124736295852,1,1
171.63058602268288,1,1
171.82992468240727,1,1
172.02926334213163,1,1
172.22860200185599,1,1
172.42794066158038,1,1
172.62727932130474,1,1
172.8266179810291,1,1
173.02595664075349,1,1
173.22529530047785,1,1
173.42463396020221,1,1
173.6239726199266,1,1
173.82331127965097,1,1
174.02264993937533,1,1
174.22198859909972,1,1
174.42132725882408,1,1
174.62066591854844,1,1
174.8200045782728,1,1
175.01934323799719,1,1
175.21868189772155,1,1
175.41802055744591,1,1
175.6173592171703,1,1
175.81669787689466,1,1
176.01603653661903,1,1
176.21537519634342,1,1
176.41471385606778,1,1
176.61405251579214,1,1
176.81339117551653,1,1
177.01272983524089,1,1
177.21206849496525,1,1
177.41140715468964,1,1
177.610745814414,1,1
177.81008447413836,1,1
178.00942313386275,1,1
178.20876179358712,1,1
178.40810045331148,1,1
178.60743911303587,1,1
178.80677777276023,1,1
179.00611643248459,1,1
179.20545509220895,1,1
179.40479375193334,1,1
179.6041324116577,1,1
179.80347107138206,1,1
180.00280973110645,1,1
180.20214839083081,1,1
180.40148705055518,1,1
180.60082571027957,1,1
180.80016437000393,1,1
180.99950302972829,1,1
181.19884168945268,1,1
181.39818034917704,1,1
181.5975190089014,1,1
181.79685766862579,1,1
181.99619632835015,1,1
182.19553498807451,1,1
182.3948736477989,1,1
182.59421230752326,1,1
182.79355096724763,1,1
182.99288962697199,1,1
183.19222828669638,1,1
183.39156694642074,1,1
183.5909056061451,1,1
183.79024426586949,1,1
183.98958292559385,1,1
184.18892158531821,1,1
184.3882602450426,1,1
184.58759890476696,1,1
184.78693756449132,1,1
184.98627622421571,1,1
185.18561488394008,1,1
185.38495354366444,1,1
185.58429220338883,1,1
185.78363086311319,1,1
185.98296952283755,1,1
186.18230818256194,1,1
186.3816468422863,1,1
186.58098550201066,1,1
186.78032416173502,1,1
186.97966282145941,1,1
187.17900148118378,1,1
187.37834014090814,1,1
187.57767880063253,1,1
187.77701746035689,1,1
187.97635612008125,1,1
188.17569477980564,1,1
188.37503343953,1,1
188.57437209925436,1,1
188.77371075897875,1,1
188.97304941870311,1,1
189.17238807842747,1,1
189.37172673815186,1,1
189.57106539787623,1,1
189.77040405760059,1,1
189.96974271732498,1,1
190.16908137704934,1,1
190.3684200367737,1,1
190.56775869649806,1,1
190.76709735622245,1,1
190.96643601594681,1,1
191.16577467567117,1,1
191.36511333539556,1,1
191.56445199511992,1,1
191.76379065484429,1,1
191.96312931456868,1,1
192.16246797429304,1,1
192.3618066340174,1,1
192.56114529374179,1,1
192.76048395346615,1,1
192.95982261319051,1,1
193.1591612729149,1,1
193.35849993263926,1,1
193.55783859236362,1,1
193.75717725208801,1,1
193.95651591181237,1,1
194.15585457153674,1,1
194.3551932312611,1,1
194.55453189098549,1,1
194.75387055070985,1,1
194.95320921043421,1,1
195.1525478701586,1,1
195.35188652988296,1,1
195.55122518960732,1,1
195.75056384933171,1,1
195.94990250905607,1,1
196.14924116878043,1,1
196.34857982850482,1,1
196.54791848822919,1,1
196.74725714795355,1,1
196.94659580767794,1,1
197.1459344674023,1,1
197.34527312712666,1,1
197.54461178685105,1,1
197.74395044657541,1,1
197.94328910629977,1,1
198.14262776602416,1,1
198.34196642574852,1,1
198.54130508547289,1,1
198.74064374519725,1,1
198.93998240492164,1,1
199.139321064646,1,1
199.33865972437036,1,1
199.53799838409475,1,1
199.73733704381911,1,1
199.93667570354347,1,1
200.13601436326786,1,1
200.33535302299222,1,1
200.53469168271658,1,1
200.73403034244097,1,1
200.93336900216534,1,1
201.1327076618897,1,1
201.33204632161409,1,1
201.53138498133845,1,1
201.73072364106281,1,1
201.9300623007872,1,1
202.12940096051156,1,1
202.32873962023592,1,1
202.52807827996028,1,1
202.72741693968467,1,1
202.92675559940903,1,1
203.1260942591334,1,1
203.32543291885779,1,1
203.52477157858215,1,1
203.72411023830651,1,1
203.9234488980309,1,1
204.12278755775526,1,1
204.32212621747962,1,1
204.52146487720401,1,1
204.72080353692837,1,1
204.92014219665273,1,1
205.11948085637712,1,1
205.31881951610148,1,1
205.51815817582585,1,1
205.71749683555024,1,1
205.9168354952746,1,1
206.11617415499896,1,1
206.31551281472332,1,1
206.51485147444771,1,1
206.71419013417207,1,1
206.91352879389643,1,1
207.11286745362082,1,1
207.31220611334518,1,1
207.51154477306955,1,1
207.71088343279393,1,1
207.9102220925183,1,1
208.10956075224266,1,1
208.30889941196705,1,1
208.50823807169141,1,1
208.70757673141577,1,1
208.90691539114016,1,1
209.10625405086452,1,1
209.30559271058888,1,1
209.50493137031327,1,1
209.70427003003763,1,1
209.903608689762,1,1
210.10294734948636,1,1
210.30228600921075,1,1
210.50162466893511,1,1
210.70096332865947,1,1
210.90030198838386,1,1
211.09964064810822,1,1
211.29897930783258,1,1
211.49831796755697,1,1
211.69765662728133,1,1
211.89699528700569,1,1
212.09633394673008,1,1
212.29567260645445,1,1
212.49501126617881,1,1
212.6943499259032,1,1
212.89368858562756,1,1
213.09302724535192,1,1
213.29236590507631,1,1
213.49170456480067,1,1
213.69104322452503,1,1
213.89038188424942,1,1
214.08972054397378,1,1
214.28905920369814,1,1
214.48839786342251,1,1
214.6877365231469,1,1
214.88707518287126,1,1
215.08641384259562,1,1
215.28575250232001,1,1
215.48509116204437,1,1
215.68442982176873,1,1
215.88376848149312,1,1
216.08310714121748,1,1
216.28244580094184,1,1
216.48178446066623,1,1
216.68112312039059,1,1
216.88046178011496,1,1
217.07980043983935,1,1
217.27913909956371,1,1
217.47847775928807,1,1
217.67781641901246,1,1
217.87715507873682,1,1
218.07649373846118,1,1
218.27583239818554,1,1
218.47517105790993,1,1
218.67450971763429,1,1
218.87384837735866,1,1
219.07318703708304,1,1
219.27252569680741,1,1
219.47186435653177,1,1
219.67120301625616,1,1
219.87054167598052,1,1
220.06988033570488,1,1
220.26921899542927,1,1
220.46855765515363,1,1
220.66789631487799,1,1
220.86723497460238,1,1
221.06657363432674,1,1
221.26591229405111,1,1
221.4652509537755,1,1
221.66458961349986,1,1
221.86392827322422,1,1
222.06326693294858,1,1
222.26260559267297,1,1
222.46194425239733,1,1
222.66128291212169,1,1
222.86062157184608,1,1
223.05996023157044,1,1
223.2592988912948,1,1
223.45863755101919,1,1
223.65797621074356,1,1
223.85731487046792,1,1
224.05665353019231,1,1
224.25599218991667,1,1
224.45533084964103,1,1
224.65466950936542,1,1
224.85400816908978,1,1
225.05334682881414,1,1
225.25268548853853,1,1
225.45202414826289,1,1
225.65136280798725,1,1
225.85070146771162,1,1
226.05004012743601,1,1
226.24937878716037,1,1
226.44871744688473,1,1
226.64805610660912,1,1
226.84739476633348,1,1
227.04673342605784,1,1
227.24607208578223,1,1
227.44541074550659,1,1
227.64474940523095,1,1
227.84408806495534,1,1
228.0434267246797,1,1
228.24276538440407,1,1
228.44210404412846,1,1
228.64144270385282,1,1
228.84078136357718,1,1
229.04012002330157,1,1
229.23945868302593,1,1
229.43879734275029,1,1
229.63813600247465,1,1
229.83747466219904,1,1
230.0368133219234,1,1
230.23615198164777,1,1
230.43549064137216,1,1
230.63482930109652,1,1
230.83416796082088,1,1
231.03350662054527,1,1
231.23284528026963,1,1
231.43218393999399,1,1
231.63152259971838,1,1
231.83086125944274,1,1
232.0301999191671,1,1
232.22953857889149,1,1
232.42887723861585,1,1
232.62821589834022,1,1
232.82755455806461,1,1
233.02689321778897,1,1
233.22623187751333,1,1
233.42557053723772,1,1
233.62490919696208,1,1
233.82424785668644,1,1
234.0235865164108,1,1
234.22292517613519,1,1
234.42226383585955,1,1
234.62160249558391,1,1
234.8209411553083,1,1
235.02027981503267,1,1
235.21961847475703,1,1
235.41895713448142,1,1
235.61829579420578,1,1
235.81763445393014,1,1
236.01697311365453,1,1
236.21631177337889,1,1
236.41565043310325,1,1
236.61498909282764,1,1
236.814327752552,1,1
237.01366641227636,1,1
237.21300507200075,1,1
237.41234373172512,1,1
237.61168239144948,1,1
237.81102105117384,1,1
238.01035971089823,1,1
238.20969837062259,1,1
238.40903703034695,1,1
238.60837569007134,1,1
238.8077143497957,1,1
239.00705300952006,1,1
239.20639166924445,1,1
239.40573032896882,1,1
239.60506898869318,1,1
239.80440764841757,1,1
240.00374630814193,1,1
240.20308496786629,1,1
240.40242362759068,1,1
240.60176228731504,1,1
240.8011009470394,1,1
241.00043960676379,1,1
241.19977826648815,1,1
241.39911692621251,1,1
241.59845558593688,1,1
241.79779424566127,1,1
241.99713290538563,1,1
242.19647156510999,1,1
242.39581022483438,1,1
242.59514888455874,1,1
242.7944875442831,1,1
242.99382620400749,1,1
243.19316486373185,1,1
243.39250352345621,1,1
243.5918421831806,1,1
243.79118084290496,1,1
243.99051950262933,1,1
244.18985816235372,1,1
244.38919682207808,1,1
244.58853548180244,1,1
244.78787414152683,1,1
244.98721280125119,1,1
245.18655146097555,1,1
245.38589012069991,1,1
245.5852287804243,1,1
245.78456744014866,1,1
245.98390609987302,1,1
246.18324475959741,1,1
246.38258341932178,1,1
246.58192207904614,1,1
246.78126073877053,1,1
246.98059939849489,1,1
247.17993805821925,1,1
247.37927671794364,1,1
247.578615377668,1,1
247.77795403739236,1,1
247.97729269711675,1,1
248.17663135684111,1,1
248.37597001656547,1,1
248.57530867628986,1,1
248.77464733601423,1,1
248.97398599573859,1,1
249.17332465546298,1,1
249.37266331518734,1,1
249.5720019749117,1,1
249.77134063463606,1,1
249.97067929436045,1,1
250.17001795408481,1,1
250.36935661380917,1,1
250.56869527353356,1,1
250.76803393325793,1,1
250.96737259298229,1,1
251.16671125270668,1,1
251.36604991243104,1,1
251.5653885721554,1,1
251.76472723187979,1,1
251.96406589160415,1,1
252.16340455132851,1,1
252.3627432110529,1,1
252.56208187077726,1,1
252.76142053050162,1,1
252.96075919022601,1,1
253.16009784995038,1,1
253.35943650967474,1,1
253.5587751693991,1,1
253.75811382912349,1,1
253.95745248884785,1,1
254.15679114857221,1,1
254.3561298082966,1,1
254.55546846802096,1,1
254.75480712774532,1,1
254.95414578746971,1,1
255.15348444719407,1,1
255.35282310691844,1,1
255.55216176664283,1,1
255.75150042636719,1,1
255.95083908609155,1,1
256.15017774581594,1,1
256.34951640554027,1,1
256.54885506526466,1,1
256.74819372498905,1,1
256.94753238471338,1,1
257.14687104443777,1,1
257.34620970416216,1,1
257.5455483638865,1,1
257.74488702361089,1,1
257.94422568333528,1,1
258.14356434305961,1,1
258.342903002784,1,1
258.54224166250839,1,1
258.74158032223272,1,1
258.94091898195711,1,1
259.1402576416815,1,1
259.33959630140583,1,1
259.53893496113022,1,1
259.73827362085461,1,1
259.93761228057895,1,1
260.13695094030334,1,1
260.33628960002773,1,1
260.53562825975206,1,1
260.73496691947645,1,1
260.93430557920084,1,1
261.13364423892517,1,1
261.33298289864956,1,1
261.53232155837395,1,1
261.73166021809828,1,1
261.93099887782267,1,1
262.13033753754706,1,1
262.3296761972714,1,1
262.52901485699579,1,1
262.72835351672018,1,1
262.92769217644451,1,1
263.1270308361689,1,1
263.32636949589323,1,1
263.52570815561762,1,1
263.72504681534201,1,1
263.92438547506634,1,1
264.12372413479073,1,1
264.32306279451512,1,1
264.52240145423946,1,1
264.72174011396385,1,1
264.92107877368824,1,1
265.12041743341257,1,1
265.31975609313696,1,1
265.51909475286135,1,1
265.71843341258568,1,1
265.91777207231007,1,1
266.11711073203446,1,1
266.31644939175879,1,1
266.51578805148318,1,1
266.71512671120757,1,1
266.91446537093191,1,1
267.1138040306563,1,1
267.31314269038069,1,1
267.51248135010502,1,1
267.71182000982941,1,1
267.9111586695538,1,1
268.11049732927813,1,1
268.30983598900252,1,1
268.50917464872691,1,1
268.70851330845124,1,1
268.90785196817563,1,1
269.10719062790002,1,1
269.30652928762436,1,1
269.50586794734875,1,1
269.70520660707314,1,1
269.90454526679747,1,1
270.10388392652186,1,1
270.30322258624625,1,1
270.50256124597058,1,1
270.70189990569497,1,1
270.90123856541931,1,1
271.1005772251437,1,1
271.29991588486808,1,1
271.49925454459242,1,1
271.69859320431681,1,1
271.8979318640412,1,1
272.09727052376553,1,1
272.29660918348992,1,1
272.49594784321431,1,1
272.69528650293864,1,1
272.89462516266303,1,1
273.09396382238742,1,1
273.29330248211176,1,1
273.49264114183615,1,1
273.69197980156054,1,1
273.89131846128487,1,1
274.09065712100926,1,1
274.28999578073365,1,1
274.48933444045798,1,1
274.68867310018237,1,1
274.88801175990676,1,1
275.08735041963109,1,1
275.28668907935548,1,1
275.48602773907987,1,1
275.68536639880421,1,1
275.8847050585286,1,1
276.08404371825299,1,1
276.28338237797732,1,1
276.48272103770171,1,1
276.6820596974261,1,1
276.88139835715043,1,1
277.08073701687482,1,1
277.28007567659921,1,1
277.47941433632354,1,1
277.67875299604793,1,1
277.87809165577232,1,1
278.07743031549666,1,1
278.27676897522105,1,1
278.47610763494544,1,1
278.67544629466977,1,1
278.87478495439416,1,1
