alpha,duration,J,plateau_infections,plateau_new_Sq
0,36.260770645190192,11.939018759346492,492.2368131689052,40.949974417865661
0.025000000000000001,29.904724497046839,8.9213121757625409,420.44045912748265,112.74632845928819
0.050000000000000003,25.811168230451067,7.1853097110694835,374.20064145547832,158.98614613129246
0.075000000000000011,22.895144743112063,6.0700929472784528,341.26194815299965,191.92483943377115
0.10000000000000001,20.685304546753088,5.3014887374791586,316.30012984412838,216.88665774264246
0.125,18.938516545790879,4.7446946217167341,296.56883670538593,236.61795088138493
0.15000000000000002,17.514730530914065,4.3258180809888813,280.48609557658182,252.70069201018899
0.17500000000000002,16.326759436586041,4.0011371450418727,267.06706253443417,266.11972505233666
0.20000000000000001,15.317092226672493,3.7432606467608696,255.66210687844932,277.52468070832151
0.22500000000000001,14.446050504208518,3.5342453058611127,245.82303107042645,287.36375651634438
0.25,13.685257636537065,3.3619055349802527,237.22929955771798,295.9574880290528
0.27500000000000002,13.0138134323503,3.2177148130094029,229.64482885387707,303.54195873289376
0.30000000000000004,12.415941339952678,3.0955539457141783,222.8914108614976,310.29537672527323
0.32500000000000001,11.879481608887099,2.9909344560308635,216.8316919918035,316.35509559496728
0.35000000000000003,11.394892803403339,2.9005004941682664,211.3578945032209,321.82889308354993
0.375,10.95457062594787,2.8217001752053035,206.38412209690864,326.80266548986219
0.40000000000000002,10.552371364071359,2.7525633037169994,201.84097688873234,331.34581069803846
0.42500000000000004,10.18327107593406,2.6915477646954624,197.67170965148338,335.51507793528748
0.45000000000000001,9.8431170770787428,2.6374313166484171,193.82941266980464,339.35737491696614
0.47500000000000003,9.5284435803519205,2.5892340525884601,190.27493725350345,342.91185033326741
0.5,9.2363328024688123,2.5461619748831605,186.97532483103274,346.21146275573807
0.52500000000000002,8.9643088616325919,2.5075653575035979,183.90260844275963,349.2841791440112
0.55000000000000004,8.7102556999397969,2.4729076266400858,181.03288561238548,352.15390197438541
0.57500000000000007,8.4723528610168675,2.4417418294082163,178.34559290672135,354.84119468004945
0.60000000000000009,8.2490247113938082,2.4136926478332801,175.82293235265399,357.36385523411684
0.625,8.0388999052156596,2.3884425136381999,173.44941356036858,359.73737402640228
0.65000000000000002,7.8407787395162973,2.3657207890489271,171.21148497644762,361.97530261032324
0.67500000000000004,7.6536066491971297,2.3452952633598656,169.09723448958584,364.08955309718499
0.70000000000000007,7.4764525240445723,2.3269654152093198,167.09614450488414,366.0906430818867
0.72500000000000009,7.3084908457557027,2.310557033106126,165.19889016802853,367.98789741874231
0.75,7.1489868755692667,2.2959178894526096,163.39717204836654,369.78961553840429
0.77500000000000002,6.9972842963821869,2.2829142380621978,161.68357654725548,371.50321103951535
0.80000000000000004,6.8527948435940083,2.2714279601141225,160.05145877059937,373.13532881617147
0.82500000000000007,6.7149895579062857,2.2613542242437008,158.49484372259423,374.69194386417655
0.85000000000000009,6.5833913691171277,2.2525995569598098,157.00834253407214,376.17844505269869
0.875,6.4575687784910336,2.245080242581273,155.58708110008479,377.59970648668605
0.90000000000000002,6.3371304528331107,2.2387209893654085,154.22663901587833,378.9601485708925
0.92500000000000004,6.2217205790935823,2.233453811885397,152.92299710363397,380.26379048313686
0.95000000000000007,6.1110148564948314,2.2292170900295671,151.67249214050793,381.51429544626285
0.97500000000000009,6.0047170255408782,2.2259547729998617,150.47177765116544,382.71500993560539
1,5.9025558511400247,2.2236157029353474,149.31778982986654,383.86899775690426
