eta,N_cum,N_clear,cum_residual,clear_residual
10,12230.267110814892,866.39752039904579,-4.5474735088646412e-13,2.7755220344261033e-10
11.992050386806806,12128.206302690134,979.53791129509239,4.5474735088646412e-13,2.2169643898450886e-10
14.380927247971327,12018.286683985374,1107.2313138240431,0,1.5161560895649018e-10
17.245680416667501,11899.805770419853,1251.2207069684255,4.5474735088646412e-13,8.4014573076274246e-11
20.681106851144406,11772.03415755276,1413.4399323000355,4.5474735088646412e-13,3.3516300845803926e-11
24.800887541385919,11634.2134563826,1596.0288710260722,1.3642420526593924e-12,6.3238303482648917e-12
29.741349303382894,11485.554783121574,1801.3484974840383,9.0949470177292824e-13,-2.6290081223123707e-13
35.665975941778918,11325.237461115134,2031.9952034236608,1.3642420526593924e-12,6.4318328441004269e-11
42.770818058845215,11152.407506463906,2290.8135752406351,3.1832314562052488e-12,5.0633275350264739e-11
51.290980524661826,10966.175292674408,2580.9065190258566,4.0927261579781771e-12,5.0164317144663073e-12
61.508402284047122,10765.611494192133,2905.6412425489302,5.9117155615240335e-12,-1.213038558489643e-10
73.761185940227563,10549.739939741154,3268.6490872478762,7.2759576141834259e-12,1.4921397450962104e-13
88.454785838583462,10317.525269880583,3673.8165087848042,7.2759576141834259e-12,2.1316282072803006e-14
106.07542487304985,10067.852123087192,4125.2635665171529,7.2759576141834259e-12,-1.4210854715202004e-13
127.20618398795526,9799.4906643704162,4627.3049969514814,4.0927261579781771e-12,9.2370555648813024e-14
152.54629678969766,9511.0400158791108,5184.3871684233081,1.8189894035458565e-12,-2.6290081223123707e-13
