eta,N_clear_fixed_normalized,I0
10,519.68311457826496,3.9740849944102069e-08
11.992050386806806,581.66722506186818,4.4480856237449792e-08
14.380927247971327,650.75339395423396,4.9763966259972792e-08
17.245680416667501,727.61080142832088,5.5641353097909788e-08
20.681106851144406,812.93912588697026,6.2166522077172725e-08
24.800887541385919,907.45691002472017,6.9394421100822184e-08
29.741349303382894,1011.8839887091733,7.7380096886089199e-08
35.665975941778918,1126.9155507594335,8.6176711434523947e-08
42.770818058845215,1253.18435750138,9.5832652835323117e-08
51.290980524661826,1391.2059984471148,1.0638734889527584e-07
61.508402284047122,1541.2993893701118,1.178651875222108e-07
73.761185940227563,1703.4701344779699,1.3026659727723955e-07
88.454785838583462,1877.2360056492125,1.435547015429065e-07
106.07542487304985,2061.3572474344687,1.5763469459260878e-07
127.20618398795526,2253.3982317477507,1.7232032074943558e-07
152.54629678969766,2448.956634093815,1.8727492848043753e-07
