N,eta,q_at_t_inf,q_inf,error
40000,80,0.41190308162785216,0.41190308162785227,1.1102230246251565e-16
40000,100,0.4119030816278525,0.41190308162785227,2.2204460492503131e-16
40000,150,0.41190308162785216,0.41190308162785227,1.1102230246251565e-16
50000,80,0.41190308162785216,0.41190308162785227,1.1102230246251565e-16
50000,100,0.41190308162785239,0.41190308162785227,1.1102230246251565e-16
50000,150,0.4119030816278525,0.41190308162785227,2.2204460492503131e-16
60000,80,0.41190308162785239,0.41190308162785227,1.1102230246251565e-16
60000,100,0.41190308162785239,0.41190308162785227,1.1102230246251565e-16
60000,150,0.4119030816278525,0.41190308162785227,2.2204460492503131e-16
