N,eta,stem,role,t1,t2,t_end,ti,qi,Itcum,J,I0,Delta_t,q_max,lambda_inf,plateau_max_error,mass_residual,analytic_ode_cumulative_error,routine_peak_I,routine_clear_time,routine_Itcum
20000,22.741795124514336,dominance_case0_0,dur150,9.9178188602377002,159.9178188602375,237.64963842087306,139.12630686607295,0.41190308162785227,3499.5423321093876,72.148781560631278,0.0010065918886718701,149.9999999999998,0.84608762165661644,0.8613899200389028,5.7502802519593388e-10,1.5543122344752192e-11,1.4970282791182399e-09,2093.0684987053337,45.877866117629587,6969.7258113521411
20000,33.099573343152507,dominance_case0_1,cost,10.292427450296165,113.2006815979173,183.97457410820306,98.915412685289724,0.41190308162785227,3568.6108013204243,49.389404357321162,0.0010065918886718701,102.90825414762114,0.84565180533085638,0.86118442071580126,8.9110585577145685e-10,8.8817841970012523e-12,5.5511009122710675e-09,2093.0684987053337,45.877866117629587,6969.7258113521411
20000,75.23248059250254,dominance_case0_2,dur45,11.118892846424496,56.118892846424487,113.12176916922724,49.833890645562661,0.41190308162785227,3772.6088974446047,21.40179431505479,0.0010065918886718701,44.999999999999993,0.84384938420913713,0.86033328442529278,1.8827250869435375e-09,3.7747582837255322e-11,1.2109921954106539e-09,2093.0684987053337,45.877866117629587,6969.7258113521411
11812.644623860881,13.43203828160688,dominance_case1_0,dur150,9.3973191643694189,159.39731916436938,227.55267878315294,138.60580885104315,0.41190308162785227,2064.2971073095846,72.148790206745858,0.0010065918886718701,149.99999999999997,0.8460876454277334,0.86138993124449181,3.149072114183582e-10,1.8360538060374891e-11,8.3173290477134287e-10,1236.2340532834025,43.468296218219166,4116.508668812472
11812.644623860881,19.549678769085162,dominance_case1_1,cost,9.7719277988079263,112.68016963915909,175.47267363866303,98.394903586468317,0.41190308162785227,2105.6330487560012,49.389404357321162,0.0010065918886718701,102.90824184035117,0.84565182905459846,0.86118443190534233,4.9329074158777075e-10,1.5737604051749907e-11,3.1018316803965718e-09,1236.2340532834025,43.468296218219166,4116.508668812472
11812.644623860881,44.434731538142486,dominance_case1_2,dur45,10.59839291069594,55.598392910695935,107.12900413776876,49.313391228592906,0.41190308162785227,2226.9726061669053,21.401796945498557,0.0010065918886718701,44.999999999999993,0.84384940859229141,0.86033329595326602,1.0514398240957235e-09,6.5573350215624603e-12,6.8166627897880971e-10,1236.2340532834025,43.468296218219166,4116.508668812472
40553.310164800452,46.112750843475695,dominance_case2_0,dur150,10.61656491821997,160.61656491821907,251.04012861148246,139.82505169496076,0.41190308162785227,7102.4377253503571,72.148775238259105,0.0010065918886718701,149.99999999999909,0.84608760427425866,0.86138991184494373,1.2660379411499889e-09,4.0520896802754176e-11,3.2650859793648124e-09,4244.0419581001988,49.112513595215169,14132.363042117107
40553.310164800452,67.114853380071196,dominance_case2_1,cost,10.991173475826008,113.89943662299861,195.29668112423781,99.614165619074626,0.41190308162785227,7241.1715909178602,49.389404357321148,0.0010065918886718701,102.9082631471726,0.845651787983141,0.86118441253357736,1.9589236899264506e-09,1.8009287467890745e-11,1.2109012459404767e-08,4244.0419581001988,49.112513595215169,14132.363042117107
40553.310164800452,152.54629678969766,dominance_case2_2,dur45,11.817639079801866,56.817639079801864,121.14104412562764,50.532636499603591,0.41190308162785227,7652.7150837410636,21.401792391573032,0.0010065918886718701,45,0.84384936637923402,0.86033327599559395,4.1322323340864386e-09,2.7013931201836118e-11,2.636625140439719e-09,4244.0419581001988,49.112513595215169,14132.363042117107
92174.197963380808,104.81032672009644,dominance_case3_0,dur150,11.428173190854729,161.42817319085279,266.47633009791679,140.63665929778793,0.41190308162785227,16151.246880070868,72.14877179282081,0.0010065918886718701,149.99999999999807,0.84608759480157369,0.86138990737956578,3.1142093348535127e-09,6.1400350113181544e-11,8.0017343861982226e-09,9646.3425471216851,52.869562043181219,32121.761778122764
92174.197963380808,152.54629678961982,dominance_case3_1,cost,11.802781730775484,114.71104978234159,208.38172092053969,100.42577763874515,0.41190308162785227,16464.985403035014,49.389404357321183,0.0010065918886718701,102.90826805156611,0.84565177852933471,0.86118440807459451,4.8764547955215676e-09,6.1400350113181544e-11,3.0024239094927907e-08,9646.3425471216851,52.869562043181219,32121.761778122764
92174.197963380808,346.72464563933625,dominance_case3_2,dur45,12.629247448019887,57.629247448019896,130.43681140634899,51.344244661098529,0.41190308162785227,17397.824537720575,21.401791343353011,0.0010065918886718701,45.000000000000007,0.84384935666265493,0.86033327140174742,1.0300652775185881e-08,1.4326748359742361e-10,6.577465683221817e-09,9646.3425471216851,52.869562043181219,32121.761778122764
3973.3552578867098,100,dominance_fixed_eta0,clear,11.567391553467363,17.82881619770696,45.287419359275844,16.889442886225535,0.41190308162785227,946.05942104831422,2.6710491399036203,0.0010065918886718701,6.2614246442395958,0.82230083022998846,0.84997450822224108,2.0928325739077991e-10,3.5290483938570014e-12,2.2350832296069711e-10,415.8258936464029,38.48201662777894,1384.5891690519916
10150.901373708555,100,dominance_fixed_eta1,cum,11.444610691648569,28.312404188198386,67.818730143998934,25.912546833632629,0.41190308162785227,2105.6330487560035,7.8030979896718105,0.0010065918886718701,16.867793496549819,0.83835467410979769,0.85772547221089512,1.0671357131286641e-09,6.7618586554742212e-12,3.3910509955603629e-09,1062.3269989541618,42.774514605063352,3537.4066070474469
26584.263116654638,100,dominance_fixed_eta2,dur45,11.400203463174394,56.400203463174392,116.35291008533648,50.115201076937375,0.41190308162785227,5015.6039646942527,21.40179337508232,0.0010065918886718701,45,0.84384937549597017,0.86033328030584399,2.5738842168721021e-09,1.1805784401921321e-11,1.6543708625249565e-09,2782.1339144474964,47.180122529010447,9264.2802085824878
60423.751259530574,100,dominance_fixed_eta3,cost,11.38534660761003,114.29361263462697,201.65753345708177,100.00834096149092,0.41190308162785227,10791.699063823909,49.389404357321162,0.0010065918886718701,102.90826602701694,0.84565178243189587,0.86118440991527656,3.0359501579368953e-09,4.0250303929532488e-11,1.8733771867118776e-08,6323.5508585632915,50.937201937911915,21057.026744905877
87943.813110460906,100,dominance_fixed_eta4,dur150,11.381732086890802,161.38173208691919,265.59503328989916,140.59021821916204,0.41190308162785227,15409.688643730267,72.148771923038126,0.0010065918886718701,150.00000000002839,0.84608759515954546,0.86138990754831191,2.9583588911918923e-09,7.8109796950852322e-11,7.6506694313138723e-09,9203.6184568367971,52.654580738986489,30647.512048163808
