N,theta,I0,Delta_t,J,q_max
10000,0.0011370896237983274,7.6471312669746263e-07,149.99999999999659,72.148769105041865,0.84608758741195322
10000,0.0016549781898441539,7.6471312669746263e-07,102.90827187747263,49.389404357321155,0.84565177115444157
10000,0.0037616235823459314,7.6471312669746263e-07,45,21.40179052563894,0.8438493490827732
20000,0.0011370896237983274,1.5294262533949253e-06,149.99999999999659,72.148769105041865,0.84608758741195322
20000,0.0016549781898441539,1.5294262533949253e-06,102.90827187747263,49.389404357321155,0.84565177115444157
20000,0.0037616235823459314,1.5294262533949253e-06,45,21.40179052563894,0.8438493490827732
100000,0.0011370896237983274,7.6471312669746272e-06,149.99999999999659,72.148769105041865,0.84608758741195322
100000,0.0016549781898441539,7.6471312669746272e-06,102.90827187747264,49.389404357321162,0.84565177115444157
100000,0.0037616235823459314,7.6471312669746272e-06,45,21.40179052563894,0.8438493490827732
