case,N,initial_fraction,theta_exact,eta_exact,offset_from_zero_limit_line,first_order_remainder_people,offset_from_stored_plot_line,offset_from_rounded_user_line,relative_to_zero_limit_line,equation_residual
cost,10605.758174320741,0.0000000949099415739166079942754324802982353490381086,0.00165497909058994618850518641966866372368218659,17.5523080183542279194539356422420666565305747,0.00000956079541746398976100862254329330493948386425,-0.00000000000166071323471245526740443942025971498293778734,0.00000955309204848825033584412806665653057465965262,-0.000221760146598435546064357757933343469425340347,0.000000544703329913278709987635819758751873229207401,-4.60227512371661864352728620779963341528926454e-91
cost,12673.2221994066329034166338002588110005985473,0.0000000794266740402452010165602335172559814088884516,0.00165497894352703675047977339018968446166904503,20.9739158866573783957688802084666563173002881,0.00000956079568838673255719158536839969541595713407,-0.00000000000138979049191627230457933302978324171311546296,0.00000955159064098616670089728737646721275000596958,-0.000266853360599059385648730961675888690307707547,0.00000045584239482360412038680614301297862130937296,-3.37500175739218700525334321905306450454546066e-91
cost,15143.7132806226366194979563252442341100558619,0.0000000664692912510348178749347397003884538862926671,0.00165497882045543660373330551844919046011401748,25.0625247424801813622632446169446650186199545,0.00000956079591511212833111300258695749933116930933,-0.0000000000011630650961423508873607752258680295378523358,0.00000954979645527663071357569518964468745632196271,-0.000320736950282243005873101334542433522496905501,0.000000381477910169972731437632159887603475070294625,5.062502636088280507880014828579596756818191e-91
cost,18095.7966582834687148851011966674439288634267,0.0000000556257294265680207316189221321613637401571916,0.00165497871746129149981281038575425283360242442,29.9481583449662996568774070936347085239220556,0.00000956079610485036847295266891050925080687686167,-0.000000000000973326856000511221037223474392321985517989033,0.00000954765243362220208172254717161970100739476604,-0.000385124492841066257435386849911178346915583108,0.000000319244978170535678866152706869952657698497432,5.36932097766938841744850057576623898450414197e-91
cost,21623.3529141724256186075579914051556009775961,0.00000004655114739454339322603372665772280955256087,0.00165497863126923876255601712749298497081191884,35.7861870093487862291562951530650149406255007,0.0000095607962636354011976217619678446685680991475,-0.000000000000814541823275842127979888056631099699681758711,0.00000954509039298922564435108678845017976431935813,-0.000462063606578169639213322710517578992420881803,0.000000267164501639783708653577586360718807589068778,1.07386419553387768348970011515324779690082839e-91
cost,25838.5635117543277053775372602720846985302716,0.0000000389569601349532114727829673468056478844778825,0.00165497855913824623490848250911756764459813581,42.7622686108852409488032267155964104339927622,0.00000956079639651681916106905499646658359703722268,-0.000000000000681660405312394834951266141602161624499741711,0.00000954202885672734352178950602446395680107190617,-0.000554001068171403596597450153889742074837185244,0.000000223580245966845273603787144729131513269864635,3.22159258660163305046910034545974339070248518e-91
cost,30875.4783312712671715081870945320847484856886,0.0000000326016613531254910985906782990767401138349453,0.00165497849877444363479585976694493572273308394,51.0982527776301858389898548495383589094283568,0.00000956079650772044336201984200176548140245039087,-0.000000000000570456781111444047945967243796748456316386283,0.00000953837046349249611770525915532138735398309111,-0.000663860623761329856194791912241349315457769489,0.000000187106168545746761538882665159353650636143833,-1.68750087869609350262667160952653225227273033e-91
cost,36894.2786525703764908166027728470261915067629,0.0000000272831432252908961551991210079368142054020801,0.00165497844825817425484895050380821762909987547,61.0592360340356057948642460923949720042380332,0.0000095607966007827100620179552769878643205587351,-0.000000000000477394514411445934670744860878640112087246922,0.00000953399887101336251610802742372667269502123414,-0.000795135968367297437231496666856342705659385107,0.000000156582340671692087287058464048607437516253841,-3.52841092818274096003758609264638561838843615e-91
cost,44086.3711547708559539525999865754439381202249,0.0000000228322690733174697493630191146867590804210436,0.00165497840598294716091780791554679338637980581,72.9619922592952526889079810956749663350742172,0.00000956079667866313437540016068636527307076303301,-0.000000000000399514090098063729261367452128435814169564299,0.00000952877505623647120264109801072542537206063844,-0.000952001850513914883571882107393382514754977446,0.00000013103806016581671542960083128781313035415549,-2.30113756185830932176364310389981670764463227e-91
cost,52680.474929431995299828931602920005866543819,0.0000000191074945702415888740809875436764903343200921,0.0016549783706043484922678578864747781661405995,87.1850465613745942027154599521299339417846398,0.00000956079674383842700162766748516533618443390107,-0.000000000000334338797471836222462567389014764946116084667,0.00000952253289418916832615779272359257123994868683,-0.00113944683535801850142185070267576734538060628,0.000000109660981663345045818186366107204664993308977,2.60795590343941723133212885108645893533058324e-91
cost,62949.8950831698949757429006666038454026806692,0.0000000159903664230409423871483685185007463074765069,0.00165497834099728717663850504555839186537239962,104.180712930697797862113941328551533284611031,0.00000956079679838125712581419843591923880832700967,-0.000000000000279795967347649691511813486390871837515546172,0.00000951507387496180055713037533587033029914554653,-0.00136343194837832274055927467783085682547621047,0.0000000917712828683347228821901128817936077266587631,-1.22727336632443163827394298874656891074380388e-91
cost,75221.2142409556542304079686252260228307076556,0.0000000133817553841587876614000806274743939258479019,0.00165497831622021541733327769781261141003942666,124.489478488536877955306796892109423764928625,0.00000956079684402616624620029040829720259995444164,-0.000000000000234151058227263599539435522599244405547144607,0.00000950616079080139634890434823243803236701369596,-0.00163108024472979601839118263964401989254547435,0.0000000768000452277271333577326467163625481545863423,-1.22727336632443163827394298874656891074380388e-91
cost,89884.6783526493644237594756359881788767524609,0.0000000111987037960202096286480605171251870554108978,0.00165497829548518611565069520616055338762246865,148.757191770301851813301188871477039030226136,0.00000956079688222472907305346765098170361581948716,-0.000000000000195952495400410422296751021583379360024147832,0.00000949551019255716433173606544313134832848930901,-0.00195090333284630802074330608339701079918720709,0.0000000642711615010265611065332696840187119364023912,-5.062502636088280507880014828579596756818191e-91
cost,107406.607086652496480546048439137420387313833,0.00000000937178741583170227072918961887408164703601677,0.00165497827813279501378120045268527091502737364,177.755601656353807278039160219606759883319557,0.00000956079691419171568814453421489032139152607371,-0.00000000000016398550878531935573284240380767277347062058,0.00000948278337558171013572865796619449962064742294,-0.00233307205607439726454994716567085768483708496,0.0000000537861948616056704209559847102955720429883475,2.45454673264886327654788597749313782148760776e-91
cost,128344.223479401477525975687355602096681101531,0.000000007842907622822793492769948535349251906482768,0.00165497826361121068366835410788447711860522035,212.406900118469034133301782935567507773499035,0.00000956079694094372298333845097680393055306145973,-0.00000000000013723350149012543897092879464613738745178732,0.00000946757560842640766455830047041962578046363914,-0.00278973994041117218797963795396223372399872011,0.0000000450117080281244622020317405914175957637801855,1.22727336632443163827394298874656891074380388e-91
cost,153363.374445309777281257280714299856810984939,0.00000000656344379688141384143444804751170038779228944,0.00165497825145862548619794161134606832865618698,253.813049277293222528071880002911442153693088,0.00000956079696333150391061966494183124751958514916,-0.000000000000114845720562844225005901477679613698020804081,0.00000944940326178763733219221238018159083755002227,-0.00333542969445887240891957925482086848698551605,0.0000000376686594747484596644896431970610052345802088,3.52841092818274096003758609264638561838843615e-91
cost,183259.70568536865395058681489109916462936462,0.00000000549270711151336143664135944344006746627662566,0.0016549782412885694165102006618301361643039186,303.290825414232260691137803168961886488686477,0.00000956079698206702265825796499184673056537314927,-0.0000000000000961102018152059249558859946338256979139085602,0.00000942768842838550125006620869665338683844326874,-0.00398749505286159708337547580723097291196840991,0.0000000315235295047221607162086107464309403654556076,1.68750087869609350262667160952653225227273033e-91
cost,218983.964387561268302572399459377135549522483,0.00000000459664656947386259569235552592005434185204402,0.00165497823277761979489833851321024894141600039,362.413694388763376080149369313910698713550436,0.00000956079699774609614539518711786834286252702982,-0.0000000000000804311283280687028298643823366718173673320918,0.00000940174054466459760073255644656056315074298058,-0.00476667265052296060795179135846062090927340923,0.0000000263808939838585203542293255973519285745710578,7.67045853952769773921214367966605569214877424e-92
cost,261672.234382079545239064563939256737733396399,0.00000000384676613110621184969094872361301303181323286,0.00165497822565511595394328260893040428081588959,433.061850160863633036240548022262747203206928,0.00000956079701086734186638641106051522441444941639,-0.0000000000000673098826070774788872175007847494307923494728,0.00000937073442985997992750825961747556325892313802,-0.00569774147801433441130529720715374556411200111,0.0000000220772095680828061275315113911650414186809466,3.52841092818274096003758609264638561838843615e-91
cost,312682.06527363124493393818057728117575974239,0.00000000321921849848020939271491995276287480666288929,0.00165497821969455183420383611597917289620464091,517.482007716969887361965973478182372638835722,0.00000956079702184803465315485609264114582789726946,-0.0000000000000563291898203090338550915793713015777223403477,0.00000933368404403838462881247494694915234887481318,-0.00681031088982300370171537721797324353793322416,0.0000000184756127863652664921927649645266906999494883,-2.76136507422997118611637172467978004917355873e-91
cost,373635.644510241974562059083681816838330347791,0.00000000269404673633668171575488272398908816705396031,0.00165497821470637276062819130222614543426572965,618.358851902225209450343108396455295018596886,0.0000095607970310373766231734731597645955089532643,-0.0000000000000471398478502904167879681296902455828837978292,0.00000928941113058194369417926218796259170360449844,-0.00813976222525844986467509695157241812870826726,0.0000000154615675824012261283477344329055439030766947,5.82954849004105028180122919654620232603306842e-91
cost,446471.385323668605007788162327023781511554175,0.00000000225454961227166455936516660006695969900792568,0.00165497821053194732678482316753081037652727086,738.900414336684598457828534732800933470730392,0.00000956079703872760231640135089763568481151906835,-0.0000000000000394496221570625390500970403876797788347176332,0.00000923650774589936680335744068140380034710156765,-0.00972837398694283006087391842342493089176814844,0.0000000129392229005848807673152771478733608556438824,1.38068253711498559305818586233989002458677936e-91
cost,533505.571113602934996179879629710363369279496,0.00000000188675047304713076493144092339896894830730628,0.00165497820703852268411091613389679384548283118,882.940093526653645257338558365706113761050704,0.00000956079704516327218048108229361890830425386074,-0.0000000000000330139522929828076541138168949449864474303822,0.00000917329148475444368726912483588869006269076762,-0.0116266663592121613391424214645376151068625847,0.0000000108283644822415711724845240229579856843650023,4.44886595292606468874304333420631230144628906e-91
cost,637506.016657508644864493834559972808932042621,0.00000000157895276651584556369601827755372056783551641,0.00165497820411500280706196703166054336914932595,1055.05856256035272162682043699332258189878069,0.00000956079705054904995042185770333119175316794397,-0.0000000000000276281745230420322444015334460309032121798913,0.00000909775197731163372767465124226404647937128168,-0.0138950078240856239168592034324168837498508591,0.00000000906186393481905302241306634939558703317358703,-4.90909346529772655309577195498627564297521551e-91
cost,761780.088680617049981646740612609154389843547,0.00000000132136807410556044812547459262342637230143986,0.00165497820166841547686143743692547125698441074,1260.72944123145367018755555032765668428968036,0.00000956079705505621125468476117927383699062388737,-0.0000000000000231210132187791287684588882085749598130768643,0.0000090074869564263097391006410127176592212916836,-0.0166055349675475320698053862114662255107074711,0.00000000758354395073232595772315038682135551765276966,3.83522926976384886960607183983302784607438712e-91
cost,910279.88496932377702972244125705591775589654,0.00000000110580482474990855737258974495538994159678336,0.00165497819962095562879312547968695331726614165,1506.49336517770205310538799241798857956952065,0.00000956079705882809043077492819815459210829267862,-0.0000000000000193491340426889617495781330909061685677941465,0.00000889962586202570360373897897565322527449938584,-0.0198444465287978788026478624389643164881181627,0.00000000634639178671516253844340561660126161023867485,-3.68182009897329491482182896623970673223141163e-91
cost,1087727.91687807828549788019889967391024293563,0.000000000925407790912382461616692025615688907549683291,0.00165497819790751103717247001572209644956394566,1800.16598768857295976560809726167241440724338,0.00000956079706198463876698484827725758344723336619,-0.0000000000000161925857064790416704751417519654809951677603,0.00000877073855308780406533155273232088589576715275,-0.0237147446466027333836319172879070448150828746,0.00000000531106418971885089807600267992883487031736506,2.91477424502052514090061459827310116301653421e-91
cost,1299767.29211784739720182540323323722810436023,0.000000000774440082294826858908823185114258186425559097,0.00165497819647359165116991759080704813289557347,2151.08652894455904283511641604324617996191523,0.00000956079706462623912900566048844505257772732318,-0.0000000000000135509853444582294592876726214715240061306133,0.00000861672622412522639096859876614543109712409219,-0.0283395104783995339046263077614325508009480236,0.00000000444463622382106367490709694610755580099903549,7.67045853952769773921214367966605569214877424e-92
cost,1553141.17385912720253842459119137622484815282,0.000000000648100704310585587020854741626230458835203539,0.00165497819527359673134252026165819907165708707,2570.41477691849387041378352646355529963721908,0.00000956079706683689828208837783104133476645895197,-0.000000000000011340326191375512116691390432739895211973954,0.00000843269105715822772908896485026780131478971253,-0.033865818361649787309171958172352486473842561,0.00000000371955420901393601073765664322460566772335383,3.22159258660163305046910034545974339070248518e-91
cost,1855907.22321222540522888175442697583802430165,0.000000000542371879414127862417714468027831207263065908,0.00165497819426936467928364975930374285968385668,3071.48598500323953382738296489045614193853115,0.00000956079706868691842925457924654450256917216751,-9.49030604420931070118822263002667967195224836e-15,0.00000821278046391840418372817548825176570728571325,-0.040469412993511826416338686188869991688079186,0.00000000311275947379499313985289718376692466413493355,-3.0681834158110790956848574718664222768595097e-91
cost,2217693.84467025003986779985005021454045858606,0.000000000453891275881473454748335350669990980225773295,0.00165497819342895944285352313228093104658577616,3670.2349526308938078680274825670365709168363,0.00000956079707023513292437092974545641137385282955,-7.94209154909296020227631382534601763097206233e-15,0.00000795000096495666803516189823706792949787063074,-0.0483602983700081131812692660684935421236391637,0.00000000260495505561223525011058035640985947837678958,1.84091004948664745741091448311985336611570582e-91
cost,2650006.38349577479529205403953908125827742782,0.000000000379845080729208335215841250624663608433568299,0.00165497819272565490290161572237133341932533898,4385.70277526928613525590200255859855722960779,0.00000956079707153077725902912133202660431671660991,-6.64644721443476861570612088248223727202142296e-15,0.00000763599578673812040556710687598871542747647929,-0.0577894162211509524474328785809252195352610019,0.000000002179992029164857629688882145754685041868502,1.9943192202772014121951573567131744799586813e-91
cost,3166593.01257723396576724603020256904068418483,0.000000000317878516334065516905864714692504636674359457,0.00165497819213708494349241199445766774345004049,5240.64237918899615321908351013756231260284781,0.00000956079707261505482334893775643672786047809996,-5.56216965011495219129599733872074721942310642e-15,0.00000726077910398519631841719149312424881527339647,-0.0690566263260601257086698476894497294780815123,0.00000000182435594690147727857881186254835195184812355,4.29545678213551073395880046061299118760331357e-91
cost,3783881.94449379518059361042498461883128786583,0.000000000266020955050311721474586946641831262450435281,0.00165497819164453217662335068874029811860788833,6262.24209789473722447371412975828409723817357,0.00000956079707352244723418804773456771769767104085,-4.65477723927584221316500750152780633060235048e-15,0.00000681241847578575762676690065628561891251791691,-0.0825202424937994087111235912600685432443822168,0.0000000015267370597718432424142566960465011548589214,4.60227512371661864352728620779963341528926454e-91
cost,4521503.87277371370018530971679301062361117792,0.000000000222623250359924349793135010307854093315094825,0.00165497819123233270183933524639193583314084447,7482.99030101302806302313507275419332863560183,0.00000956079707428181090111299036345616665419830754,-3.89541357235089958427655854500053964750960618e-15,0.00000627665537646854071838576378024412687039514791,-0.0986084274681107835525085382392534408976230425,0.00000000127767065062252512810272131796574933480248112,3.68182009897329491482182896623970673223141163e-91
cost,5402916.25674454640392500468904300168355510912,0.000000000186305291594206242887088409074928569239490229,0.0016549781908873779712275916368317070381688975,8941.70857210309356656136236378134768306425391,0.00000956079707491729470253446910986096753783959179,-3.2599297709294208378717576613592553908936373e-15,0.00000563645175357115978663354420541586230045952801,-0.117832809130731934520396584820103219451676846,0.00000000106923604231169212513744312135791114949584708,2.45454673264886327654788597749313782148760776e-91
cost,6456149.30314921780708174505034414717586870576,0.000000000155912114390054268575089350871562198860668459,0.00165497819059869791836983643777580268501567417,10684.7862919609369347602224099138195450139513,0.00000956079707544910795545187330979400223831276776,-2.72811651801201663793872296088607942004668172e-15,0.00000487144819277889980281626561391708293281807466,-0.140804751018535960065648405744031048756724425,0.000000000894804708560015437963230377756276584754526058,-3.0681834158110790956848574718664222768595097e-92
cost,7714697.36783759998163500598615973139528767647,0.000000000130477171129010059567065534747593680066223108,0.00165497819035711209414151554936572079740273799,12767.6558889766471642468586651896540242092488,0.00000956079707589416310136980962777149684114578376,-2.28306137209408031996122835805306342872632142e-15,0.0000039573164586845418243137458516689249339690159,-0.168254794580805359076241904701434991855789285,0.000000000748829477093612878157626282427725480623335997,-1.22727336632443163827394298874656891074380388e-91
cost,9218584.12541498446321575429529258331447777246,0.000000000109191593305176589172209603582346898635504361,0.00165497819015493771496519406322911469641797611,15256.5556716703303454171402864129146319480544,0.00000956079707626661354674040355611396571464571271,-1.91061092672348639161875948455313447388609977e-15,0.00000286498582121563333195919202163359766662061041,-0.201055891468941204933072296310753512659032825,0.000000000626668121430013273118273957267745861759605234,-6.13636683162215819136971494373284455371901939e-92
cost,11015635.3808047514045740568514429331464397262,0.0000000000913784683202116888941075032180011431341077877,0.00165497818998574533902458135000200691079218182,18230.63630406718407515973187928669963064108,0.00000956079707657830376204559367182962636522155286,-1.59892071141829627590309883397729432754195313e-15,0.00000155971856377469883772582370772523237177277054,-0.240251164679499410332209851354726716666837796,0.00000000052443573126733655005471696022345161784667034,2.60795590343941723133212885108645893533058324e-91
cost,13163000.0,0.0000000000764713126697462584517207323558459317784699537,0.00165497818984415440058460260359084779247118264,21784.4779129186043748951240710663294922981771,0.00000956079707683914595332992431818958030345733363,-1.33807852013396562954314489574151355021653491e-15,0.00000000000527289512407106632949229817708570125755798866,-0.287087081395625104875928933670507701822914299,0.000000000438881166638630690754879570211213389972162038,-2.14772839106775536697940023030649559380165679e-91
duration45,10605.758174320741,0.0000000949099415739166079942754324802982353490381086,0.00376162442641351509147590805038447926217043369,39.8948790091597063656452667733926690014859344,0.00000895919533093825682489851096655535736459413955,-0.00000000000270671998203000159068376398753131913426490612,0.00000895197667541502678679022526900148593438657314,0.000259060634807020045266773392669001485934386573,0.000000224570109382929473637090057101506947551047659,-1.84091004948664745741091448311985336611570582e-91
duration45,12673.2221994066329034166338002588110005985473,0.0000000794266740402452010165602335172559814088884516,0.00376162428860435461197793706480500251089068855,47.671900440167889802624541664728765252428956,0.00000895919577250268721078775173951170171103317057,-0.0000000000022651555516441123499108076431848801032510598,0.00000895056992756796358790105196317548559330779864,0.000307814879899473132531961675221792577460274515,0.000000187934556279955535285841798829697937263917991,2.45454673264886327654788597749313782148760776e-91
duration45,15143.7132806226366194979563252442341100558619,0.0000000664692912510348178749347397003884538862926671,0.0037616241732768759665699354853450381405822332,56.9649579495641726509288768111451944254039134,0.0000089591961420319282221293201267177091879242359,-0.0000000000018956263106327707815236016357079890379113169,0.00000894888879316364422173982622615875840674906397,0.000366073174062743025364298106483397017783334018,0.000000157275593164259690987627837749327060524918063,6.13636683162215819136971494373284455371901939e-92
duration45,18095.7966582834687148851011966674439288634267,0.0000000556257294265680207316189221321613637401571916,0.00376162407676350132591205831860972898366209322,68.0695843980156054927389986985490629829221854,0.00000895919645127752783936144562941319340912772296,-0.00000000000158638071101553865602090615148678555085850658,0.00000894687980966195264568731198219234194477346963,0.000435688216509574827202037164805900109519443532,0.00000013161822140833009816276410395860129832109511,1.22727336632443163827394298874656891074380388e-91
duration45,21623.3529141724256186075579914051556009775961,0.00000004655114739454339322603372665772280955256087,0.00376162399599496741874599545966632388389709171,81.338923195818703407954745650101854556484996,0.00000895919671007393299156450158690039262523578605,-0.00000000000132758430586333560006341895227067748776854564,0.00000894447908844056587047055888934492031483861478,0.00051887386770720100055550963222124784767053655,0.000000110146499915290836349778724696078917734758235,0.0
duration45,25838.5635117543277053775372602720846985302716,0.0000000389569601349532114727829673468056478844778825,0.00376162392840271892131013954876002685752992455,97.1949587813684667797587125306838674060438861,0.00000895919692665123724499183939791341499609818169,-0.00000000000111100700160990826225240592989981509212476289,0.00000894161028304304452912018068287475296920031489,0.00061827555338768321056837244439360405241658186,0.0000000921775971184000544803053933789881811485012308,9.20455024743323728705457241559926683057852909e-92
duration45,30875.4783312712671715081870945320847484856886,0.0000000326016613531254910985906782990767401138349453,0.00376162387183722495501402437606319204898040175,116.141936345302965325698918716433628335462717,0.00000895919710789690834547583813132880603139537042,-0.000000000000929761330509424263518990538864517903391760154,0.00000893818216124952495040315980781686299524486566,0.000737054392966733353722141641738345558950456336,0.0000000771400760219233589167935144659518338699052174,3.0681834158110790956848574718664222768595097e-92
duration45,36894.2786525703764908166027728470261915067629,0.0000000272831432252908961551991210079368142054020801,0.00376162382449962107881617335222196676827385999,138.782397567236506347046976263973193603909538,0.00000895919725957481874143664680259823407233339675,-0.000000000000778083420113463454847721110823579877070776164,0.00000893408570375829905289850995606291119716356255,0.00087898772777813919124327363181988193769903231,0.000000064555721726898130098294164110037644415490215,-6.13636683162215819136971494373284455371901939e-92
duration45,44086.3711547708559539525999865754439381202249,0.0000000228322690733174697493630191146867590804210436,0.00376162378488450292055069762974232519087806418,165.836342325032120869302963039183457152438291,0.00000895919738650854444422040987345762080410683718,-0.000000000000651149694410679691776861724091806436633235702,0.00000892919063721210025794011922536569028032012363,0.0010485892460691129148629296812672348052535984,0.0000000540243335382033968108469500218105252865215199,3.0681834158110790956848574718664222768595097e-92
duration45,52680.474929431995299828931602920005866543819,0.0000000191074945702415888740809875436764903343200921,0.00376162375173205222118633382174045535552534623,198.164125747076301144398540006903034157613068,0.00000895919749273476130371978523109389441550804855,-0.000000000000544923477551180316419225450480405225267765982,0.00000892334129131424555898463083796054113241848715,0.00125125252490762456203088935914009002183897225,0.0000000452109980250610764096371612583162513232205511,1.84091004948664745741091448311985336611570582e-91
duration45,62949.8950831698949757429006666038454026806692,0.0000000159903664230409423871483685185007463074765069,0.00376162372398797284430258611258933640871797805,236.793818767405721874041746411818523547789418,0.00000895919758163161685954493544344704530944988396,-0.000000000000456026621995355166206872299586463389855390266,0.00000891635164828484985508842627116152432570306999,0.00149342255384493328725126432149868106581320414,0.000000037835438303425862088633035024279184639486417,-3.37500175739218700525334321905306450454546066e-91
duration45,75221.2142409556542304079686252260228307076556,0.0000000133817553841587876614000806274743939258479019,0.00376162370076996266713187980938843064234297824,282.953902289473826343972631005544913580271789,0.00000895919765602616013447853283749482463031879956,-0.000000000000381632078720421568812824520265594474255249077,0.00000890799942722255822793833763486253096440365847,0.00178280069503739087001622489470610028187154585,0.000000031663100834483279049561132491543006687170759,1.84091004948664745741091448311985336611570582e-91
duration45,89884.6783526493644237594756359881788767524609,0.0000000111987037960202096286480605171251870554108978,0.00376162368133965511713617187071581853113525439,338.112334680923709260628814533773233613709317,0.00000895919771828424576270969743665602382594113408,-0.000000000000319373993092190404213663321069972139732355196,0.00000889801901524582164154126434340765970718096736,0.00212858959786004421517098144009995091725985979,0.0000000264976962882384416199249206140023778769625898,-9.20455024743323728705457241559926683057852909e-92
duration45,107406.607086652496480546048439137420387313833,0.00000000937178741583170227072918961887408164703601677,0.003761623665079138058735625928266570356785688,404.023235003008686772769029263299418478268029,0.00000895919777038577151322579779453367953492934929,-0.000000000000267272467341674303855785665360983924526552819,0.00000888609302061363938979671543890968211790953017,0.00254178585665601154701345464009794934831417132,0.0000000221749572620220262157257945245119068500835738,-2.14772839106775536697940023030649559380165679e-91
duration45,128344.223479401477525975687355602096681101531,0.000000007842907622822793492769948535349251906482768,0.00376162365147130329978400385380119636340572005,482.782666569835165220112653132253943495393317,0.00000895919781398764185601848384627901223748901264,-0.00000000000022367059699888161780404033265842426117134051,0.00000887184217920261726573413257091823213442378844,0.00303552971856735840250757542109661976179930791,0.0000000185574143411199452366275311531521026966575582,-4.29545678213551073395880046061299118760331357e-91
duration45,153363.374445309777281257280714299856810984939,0.00000000656344379688141384143444804751170038779228944,0.00376162364008340180568138350323207276367836934,576.895294836439927698441298613468597428396799,0.00000895919785047645989369760168981868921429710604,-0.000000000000187181778961202499960500655681616167779648838,0.00000885481329335150583018077092655128178865948391,0.00362552296266947726391147855825604819585479273,0.0000000155300243732324299603439903290277529046684625,3.9886384405544028243903147134263489599173626e-91
duration45,183259.70568536865395058681489109916462936462,0.00000000549270711151336143664135944344006746627662566,0.00376162363055328165449798676957868384117459807,689.354039434322307126235096546525898529884595,0.00000895919788101262333140712028925103879114388937,-0.000000000000156645615523492981361068306104769384450390464,0.00000883446481951078273293665649126274757033844996,0.00433052823957842570773365216728086006664157398,0.0000000129965119299261412299602477901768270915195193,-3.37500175739218700525334321905306450454546066e-91
duration45,218983.964387561268302572399459377135549522483,0.00000000459664656947386259569235552592005434185204402,0.0037616236225778710810766149780857617079626408,823.735253406001730058319165872037838893094849,0.00000895919790656722679609052604512873802587568689,-0.00000000000013109101205880957560519060687003758692633933,0.00000881014964636339450467363626103205897092764676,0.00517296575126321136282806564480581001107539548,0.0000000108763076085010282395383432814980893628883389,0.0
duration45,261672.234382079545239064563939256737733396399,0.00000000384676613110621184969094872361301303181323286,0.00376162361590354035484982514258104984566343614,984.312456477876773687656851678301624126534408,0.00000895919792795294404915221891616488356144408169,-0.000000000000109705294805747882734154461334469192124524289,0.0000087810945157356348483479337246223046883497315,0.00617962624635631639158796439347946859051554715,0.00000000910198580800018731894075550204293707452423655,3.37500175739218700525334321905306450454546066e-91
duration45,312682.06527363124493393818057728117575974239,0.00000000321921849848020939271491995276287480666288929,0.00376162361031803598552810296619239842592258197,1176.19223925629655016345668399545538874816406,0.00000895919794584987218949060592249235576489716742,-0.0000000000000918083666654094957278269891310161063914834835,0.000008746375431852938152162040002245078630526916,0.00738252300525921995482393595451801031708209617,0.00000000761712049703545169732414930513741842432670289,3.9886384405544028243903147134263489599173626e-91
duration45,373635.644510241974562059083681816838330347791,0.00000000269404673633668171575488272398908816705396031,0.00376162360564373075297429883366165757601078827,1405.47666029963563055306649722974216017813707,0.00000895919796082715972858759843446443120644087784,-0.000000000000076831079126312503215854913689472395979370695,0.00000870488827691885060497589107080925125700447331,0.00881990990941904042504805221994111470081669328,0.00000000637449078380814946776279322184369426669369482,2.14772839106775536697940023030649559380165679e-91
duration45,446471.385323668605007788162327023781511554175,0.00000000225454961227166455936516660006695969900792568,0.00376162360173197490259722222180896274977524671,1679.45730053148269728478193836593107369633461,0.00000895919797336110634085007124631070805166842388,-0.0000000000000642971325140500304040086368442448499401598917,0.00000865531369854948655962976325139044222725672481,0.0105374979708726874859869565984171624724272989,0.0000000053345792228950513651535309369946758543483864,-3.68182009897329491482182896623970673223141163e-91
duration45,533505.571113602934996179879629710363369279496,0.00000000188675047304713076493144092339896894830730628,0.00376162359845836886619088161733083260146902968,2006.84714620993828282155121582556274543067376,0.00000895919798385030988689122098416387988006799131,-0.0000000000000538079289680088806661554650158452825068185205,0.00000859607515243237967834918531433886584354638905,0.0125899090094825399209806104442425807920054903,0.00000000446431510280542417980486221560820873038687033,2.76136507422997118611637172467978004917355873e-91
duration45,637506.016657508644864493834559972808932042621,0.00000000157895276651584556369601827755372056783551641,0.00376162359571880717394713120027787325676246664,2398.05767467159145064663212279211996680835314,0.00000895919799262834240666458230956415205530972233,-0.0000000000000450298964482355193407551928406035514818729184,0.0000085252887659047336341876424929701016075941697,0.0150424127069321243521147113262487295816207791,0.00000000373602274904712278519620399042470163073196692,3.37500175739218700525334321905306450454546066e-91
duration45,761780.088680617049981646740612609154389843547,0.00000000132136807410556044812547459262342637230143986,0.00376162359342616774833826016516964827252204827,2865.52995458328744213096131454107853293399528,0.00000895919799997435819717380136496059199456150498,-0.0000000000000376838806577263002853587529013517688388983249,0.00000844070342803931625889522977994652423287738479,0.0179730022783469199989350526879377811597965988,0.00000000312654139722246619925017253847745443032394907,4.90909346529772655309577195498627564297521551e-91
duration45,910279.88496932377702972244125705591775589654,0.00000000110580482474990855737258974495538994159678336,0.00376162359150754129462695977863149658332168928,3424.13029017537926228243845848635744901444594,0.00000895919800612197132687306656618414213726455427,-0.0000000000000315362675280270350841352027586487195462176149,0.00000833962920101484747729802645917574188077923943,0.021474874770942607434523453815908783865513839,0.00000000261648864684548360047297191477641013533056142,3.0681834158110790956848574718664222768595097e-92
duration45,1087727.91687807828549788019889967391024293563,0.000000000925407790912382461616692025615688907549683291,0.00376162358990191267860561760620156694981765159,4091.62299152344611482311892886238568227090595,0.00000895919801126668490451634795029698896910910433,-0.000000000000026391553950383753700022355926804169484583262,0.00000821885177614744691105864045515328529331097521,0.0256593948668360942927726813723015010792975327,0.00000000218964407264422350169096253803693514219499695,-1.53409170790553954784242873593321113842975485e-91
duration45,1299767.29211784739720182540323323722810436023,0.000000000774440082294826858908823185114258186425559097,0.00376162358855822055600944027661080635395467903,4889.23530566693806558770098781618366828839529,0.00000895919801557210836394720844210143282331837743,-0.0000000000000220861304909528932082179120725948963824442111,0.00000807453025415945782246699592055468242034019026,0.0306596364432962733145510140385110510338582133,0.00000000183243339129228561143557698275570284289009828,-4.29545678213551073395880046061299118760331357e-91
duration45,1553141.17385912720253842459119137622484815282,0.000000000648100704310585587020854741626230458835203539,0.00376162358743373354699593309034307500857370086,5842.33247420301013062521065108895603863590006,0.00000895919801917516048349662636906521538736920346,-0.0000000000000184830783714034752812541295085440703572384069,0.00000790207499894825117178256498358769358894630267,0.0366346145172455566727088634752312470884034746,0.00000000153349677932121505786789716633930821601979687,-2.76136507422997118611637172467978004917355873e-91
duration45,1855907.22321222540522888175442697583802430165,0.000000000542371879414127862417714468027831207263065908,0.0037616235864926913156736700709198129828748595,6981.2243851772631394300683455181709270506164,0.00000895919802219042360356163302823241295066238552,-0.0000000000000154678152513384686220869319452508883005330295,0.00000769600168042568299902973133205081107965437022,0.0437743421560551211067380656586147384033181498,0.00000000128332761409451862845229346049812504730818478,4.60227512371661864352728620779963341528926454e-91
duration45,2217693.84467025003986779985005021454045858606,0.000000000453891275881473454748335350669990980225773295,0.00376162358570516733902751039265264283093110422,8342.12947198478436503771537953679846000231816,0.00000895919802471378751281748345317368042409748599,-0.0000000000000129444513420826181971456644718157878226545058,0.0000074497568647763971664903237434063469462709946,0.0523058731718150709994635879114446133008269287,0.00000000107397014927941409569566167613240669709267278,3.37500175739218700525334321905306450454546066e-91
duration45,2650006.38349577479529205403953908125827742782,0.000000000379845080729208335215841250624663608433568299,0.00376162358504611719963196412722350548735844844,9968.32651268047209123279137140102400456959585,0.00000895919802682549888395265933442205922668019799,-0.0000000000000108327399709474423158972856692330758256610747,0.00000715550960564934805003236187004558091695007593,0.0625005227656212622008962708159434332233496427,0.000000000898766510454983830900671473519003585612604468,3.37500175739218700525334321905306450454546066e-91
duration45,3166593.01257723396576724603020256904068418483,0.000000000317878516334065516905864714692504636674359457,0.00376162358449458213647059737024914250820296434,11911.5309586062722446092349060694315730572014,0.00000895919802859271323543005006302237482761968879,-9.06552561947005158729697006829358502970329921e-15,0.00000680390240857672136175814813926403729018390921,0.0746824957489589791622388594478696195716964711,0.000000000752144964947445700659775657497764770543100826,3.9886384405544028243903147134263489599173626e-91
duration45,3783881.94449379518059361042498461883128786583,0.000000000266020955050311721474586946641831262450435281,0.00376162358403302252561319121913400302812982294,14233.5395616045922314158022406297292914947207,0.0000089591980300716305753834048613319268034563952,-7.58660827951669678898741809245687861157630735e-15,0.00000638375364892346764935054462307148097510005945,0.0892391967322800948772660075870957222845763259,0.000000000629442732563770929387762513969583165753820665,-1.84091004948664745741091448311985336611570582e-91
duration45,4521503.87277371370018530971679301062361117792,0.000000000222623250359924349793135010307854093315094825,0.00376162358364676009446125187739756512312771448,17008.1956013757613489692957642858155055703131,0.00000895919803130928264424485882007115086672533215,-6.34895621065524283024819402918794166189873172e-15,0.00000588170197982172430011920088125417057538793232,0.106633550159894352234733597226743794506249426,0.000000000526757702345798300139440647403935852127349781,-2.76136507422997118611637172467978004917355873e-91
duration45,5402916.25674454640392500468904300168355510912,0.000000000186305291594206242887088409074928569239490229,0.0037616235833235111311586118544989013427039598,20323.737210092272109416822554090012624624691,0.00000895919803234502859303177002239727609913252759,-5.31321026186833162792206879678074622935676239e-15,0.00000528178142174082717645053811261088068807209019,0.12741872198635641252491578585749176379251725,0.00000000044082433972062687177199072256865248993218762,-3.0681834158110790956848574718664222768595097e-92
duration45,6456149.30314921780708174505034414717586870576,0.000000000155912114390054268575089350871562198860668459,0.00376162358305299584454300996263516187349292401,24285.6034744372629559383946376642756673978574,0.0000089591980332118066620500764366723468830083397,-4.44643219285002521364699801290493411740074775e-15,0.00000456491362091794252966923645526281112125865085,0.152255711165252819702456289731650650133771432,0.000000000368909837713000960793326225126055692405526232,-5.21591180687883446266425770217291787066116648e-91
duration45,7714697.36783759998163500598615973139528767647,0.000000000130477171129010059567065534747593680066223108,0.00376162358282661145171303772976815174247581201,29019.7875532283016279559949844377550434065482,0.00000895919803393718166522859582183273904142624687,-3.72105718967150582848660585448702694984330113e-15,0.00000370830112972261361590117189830604423141580803,0.181934370385537037756466899309426892424410598,0.00000000030872720967615992494026032165111133135306388,1.53409170790553954784242873593321113842975485e-91
duration45,9218584.12541498446321575429529258331447777246,0.000000000109191593305176589172209603582346898635504361,0.0037616235826371585969162043626422918810197726,34676.843444685551219899399322124922200921211,0.00000895919803454422159161954877983767238938873176,-3.11401726328055287048167250652454205669360436e-15,0.00000268470241438082525469607483005532333087058782,0.217398524545663067017964952340805181622101295,0.000000000258362559762687901738637675128540011477920706,1.22727336632443163827394298874656891074380388e-91
duration45,11015635.3808047514045740568514429331464397262,0.0000000000913784683202116888941075032180011431341077877,0.00376162358247861240147791514705299580555500161,41436.6738244209227245054453026472059993981275,0.00000895919803505223120127673169780622152112243901,-2.60600765362336995251312337479083480935711381e-15,0.00000146156553424072960481452805820174821657039945,0.259775985769841059673050259468675750453441648,0.000000000216214218229774670887377052484880851123557093,-1.22727336632443163827394298874656891074380388e-91
duration45,13163000.0,0.0000000000764713126697462584517207323558459317784699537,0.00376162358234593086382358796128767751283846832,49514.2512144194879605098883344296991014927585,0.0000089591980354773659449348513723103754471564143,-2.18087290996525027800896944875685951818826322e-15,-0.00000000000705769011166557030089850724151670764814689741,0.310414419487960509888334429699101492758483292,0.000000000180941805992400249095504023409654601654996525,3.37500175739218700525334321905306450454546066e-91
duration150,10605.758174320741,0.0000000949099415739166079942754324802982353490381086,0.00113708987370415094204329029659246040231155391,12.0597002229751378544871694022422782316064537,0.00000265257825214507184330084972387812865191492028,-0.000000000000794274679759906724941997457097899413724987335,0.00000265044073084138230247363887823160645369971623,-0.000107397044976736612830597757721768393546300284,0.000000219953961254915222500847634842233783625260347,6.13636683162215819136971494373284455371901939e-91
duration150,12673.2221994066329034166338002588110005985473,0.0000000794266740402452010165602335172559814088884516,0.00113708983290254216449477090175852034535970943,14.4105921130600761028073359063315829273854346,0.00000265257838172014784070899098133708470451768166,-0.000000000000664699603762498583684538501045296652347869256,0.00000265002417654288734157792718184577384366574588,-0.000128849885206171667718387942711061395173632181,0.000000184071469733721888135058970836518359294643862,-1.50340987374742875688558016121454691566115975e-90
duration150,15143.7132806226366194979563252442341100558619,0.0000000664692912510348178749347397003884538862926671,0.00113708979875715846984506912260937520460763794,17.2197618866993019632210214239509111449819294,0.00000265257849015682469111011727110896105964988801,-0.000000000000556262926912097457394766624690164445992721105,0.00000264952637363462515594321988681940898510246098,-0.000154484696698136810104713484307461562591165146,0.00000015404271651491863781454728128002939770297343,-2.45454673264886327654788597749313782148760776e-91
duration150,18095.7966582834687148851011966674439288634267,0.0000000556257294265680207316189221321613637401571916,0.00113708977018212808452634936978920710388433197,20.5765452634300708191623773489824179990290418,0.00000265257858090354080305254477185252971253644584,-0.000000000000465516210800155029894023056037277888160301257,0.00000264893149125388525309881142118851167991123144,-0.000185116704061456533471221748132492481560728172,0.000000128912744530008916842524008255532709589794284,-3.0681834158110790956848574718664222768595097e-91
duration150,21623.3529141724256186075579914051556009775961,0.00000004655114739454339322603372665772280955256087,0.00113708974626872418719886240589616716822576396,24.5876928786554011832414988263596727505419308,0.00000265257865684616997594779780244947201206513235,-0.000000000000389573581627259776863426113737749201655621695,0.00000264822061126832979322916578373634227738122083,-0.00022172005006398767715536566712968332969374577,0.000000107882384740350625151446245403496148550198898,6.13636683162215819136971494373284455371901939e-92
duration150,25838.5635117543277053775372602720846985302716,0.0000000389569601349532114727829673468056478844778825,0.00113708972625646619890448674145726314067731799,29.3807651104410444388337514211650263719039686,0.00000265257872039979579339900707330467855443190271,-0.000000000000326019955809808567592570907195382431288011522,0.00000264737112665163385062943177336523197674881507,-0.000265458774801594951046197490361138794803229855,0.0000000902828415091032751020159586783624397774129195,1.0431823613757668925328515404345835741322333e-90
duration150,30875.4783312712671715081870945320847484856886,0.0000000326016613531254910985906782990767401138349453,0.00113708970950893548041333426404599667521964433,35.1081886866546771856285320357029320104417707,0.00000265257877358551438488005241060415043609591907,-0.000000000000272834237218327522255271435313718414934611763,0.00000264635602254688588181523249332049077577807651,-0.000317723833880715093427509489501557061305824076,0.0000000755544240027362597429745064236945922391355698,7.0568218563654819200751721852927712367768723e-91
duration150,36894.2786525703764908166027728470261915067629,0.0000000272831432252908961551991210079368142054020801,0.00113708969549353635268204953274034978223714714,41.9521040785049280910026057002348539761538134,0.00000265257881809470793996901767588191948763453462,-0.000000000000228325043663238556989993666262179799380683149,0.00000264514301715450987991018273195890250550771451,-0.000380177332847016704953312769499506208526740767,0.0000000632287472602131077889895084945183768854652298,-9.81818693059545310619154390997255128595043102e-91
duration150,44086.3711547708559539525999865754439381202249,0.0000000228322690733174697493630191146867590804210436,0.00113708968376455881974330149841779477820829563,50.130157834705360431175362098678216766828214,0.00000265257885534283292775619748218540301898500359,-0.000000000000191076918675451377183690182730829330417181671,0.00000264369353512368487979057984128765064309472898,-0.000454805384579874064139346056720535208293715879,0.0000000529138369052683108876309432986060355575736683,-1.62613721037987192071297446008920380673554014e-90
duration150,52680.474929431995299828931602920005866543819,0.0000000191074945702415888740809875436764903343200921,0.00113708967394900436976225471874135754168186137,59.9024240609865265204018876207241192254847128,0.00000265257888651443353810156764285160497753814377,-0.000000000000159905318065106007023023980772276190234909292,0.00000264196148079960300753534237264420165266809039,-0.000543981270595335033590504956219445362263765696,0.0000000442816638150478713349529157925327496456951809,-1.47272803958931796592873158649588269289256465e-90
duration150,62949.8950831698949757429006666038454026806692,0.0000000159903664230409423871483685185007463074765069,0.00113708966573472409813879187139850916211361272,71.5796751581576079089662478548572381081107818,0.00000265257891260081181887147322074325192087342617,-0.000000000000133818939784336101445132333828940907837271825,0.00000263989177231402935277668432989119822173466762,-0.000650540914879667951004493137994499277407152313,0.0000000370577123329822182819924022581124449701870881,-7.0568218563654819200751721852927712367768723e-91
duration150,75221.2142409556542304079686252260228307076556,0.0000000133817553841587876614000806274743939258479019,0.00113708965886049193050952271518015771924788523,85.533264840320242319491183516869477617755566,0.00000265257893443155246123759853862280619454622153,-0.0000000000001119881991419699761272527795552681124722615,0.00000263741858990109313037955479649553853988341589,-0.000777873070432105905717606875032943042109151147,0.0000000310122502823436341371185837841795410967748435,-3.37500175739218700525334321905306450454546066e-91
duration150,89884.6783526493644237594756359881788767524609,0.0000000111987037960202096286480605171251870554108978,0.00113708965310769726163817713384528922062388134,102.206937727711011145091882155916975532826804,0.00000265257895270090475797218140884738265066724671,-0.0000000000000937188468452353932570282030991470872973632485,0.00000263446328273218275755024109157156199575021376,-0.000930027086581141165017589765182667928419036661,0.0000000259530231559238197037996611851853813250747541,-7.36364019794658982964365793247941346446282327e-91
duration150,107406.607086652496480546048439137420387313833,0.00000000937178741583170227072918961887408164703601677,0.00113708964829339282536685378457936880920293204,122.130941076548320637605861101747403741240138,0.0000026525789679898607130720898853717270411335309,-0.0000000000000784298908901354847805038587086808031032792803,0.0000026309318677042240658291254185171463020638739,-0.00111184168423311042305057839575698117442203126,0.0000000217191401476144474107153800850956504332413103,-1.28863703464065322018764013818389735628099407e-90
duration150,128344.223479401477525975687355602096681101531,0.000000007842907622822793492769948535349251906482768,0.00113708964426447670870427784531001152032688955,145.938887419593125220124096844302386128447604,0.00000265257898078463141433327185011495743025510393,-0.0000000000000656351201888743028157606283195592300684240127,0.00000262671204063913989469248432812551361611284575,-0.00132909883429487466285724775275800763294639977,0.0000000181759575936144259632087259502625716526133122,-1.62613721037987192071297446008920380673554014e-90
duration150,153363.374445309777281257280714299856810984939,0.00000000656344379688141384143444804751170038779228944,0.00113708964089282349027187546269049070274683419,174.387904374128917589359047945270577616332051,0.00000265257899149210924136917234879682387662388785,-0.0000000000000549276423618384023170787618731904461576886262,0.0000026216696048462496449603169890824580573725872,-0.00158870763283015715860595495978956343892270983,0.000000015210797109810729993848479034862091214066469,-1.31931886879876401114448871290256157904958917e-90
duration150,183259.70568536865395058681489109916462936462,0.00000000549270711151336143664135944344006746627662566,0.00113708963807120966666341131504965720109332349,208.382712410812247171909996511127385157565992,0.00000265257900045280762768839071585529661479718621,-0.0000000000000459669439755191839500202891350171477947256704,0.00000261564420347065419898796494958725436214195622,-0.00189892402044923530227070154147494248451753397,0.0000000127293622562560214891139992956046765507510306,-1.0431823613757668925328515404345835741322333e-90
duration150,218983.964387561268302572399459377135549522483,0.00000000459664656947386259569235552592005434185204402,0.00113708963570990378964631688464801483634343114,249.004396291762587304812961750819514345233256,0.00000265257900795168987864932118663018227287234944,-0.0000000000000384680617245582534792454034769419845620732421,0.00000260844421991002468245465592649624088360684655,-0.00226961333333088204211367443822648812875954526,0.0000000106527397737221187907485585369638610866878014,-4.90909346529772655309577195498627564297521551e-91
duration150,261672.234382079545239064563939256737733396399,0.00000000384676613110621184969094872361301303181323286,0.00113708963373381287580872742870220364753308861,297.54478515182726670390397511814456553076014,0.00000265257901422723141646859683871696716157896049,-0.0000000000000321925201867389778271586185882353735158272398,0.00000259984068412556843529191093495952196567065742,-0.00271256403538418743634053718427094588490441659,0.00000000891489002746648116058792350534559424071298395,-1.47272803958931796592873158649588269289256465e-90
duration150,312682.06527363124493393818057728117575974239,0.00000000321921849848020939271491995276287480666288929,0.00113708963208009434046322086135702667409710913,355.547534560037395398402899636677825568571427,0.00000265257901947900364418436100962493801287974214,-0.0000000000000269407479590232136562506477369345918607826004,0.00000258955999105892215365187721159793783383883354,-0.00324186260869321597820549774859938783164489473,0.00000000746054685079185071178064088310243329860229201,-1.84091004948664745741091448311985336611570582e-91
duration150,373635.644510241974562059083681816838330347791,0.00000000269404673633668171575488272398908816705396031,0.00113708963069615751192151058755256267591110168,424.857217031071838712681244823958034192769881,0.00000265257902387402060602432946337602068406603235,-0.0000000000000225457309971832452024995650657483016482080987,0.00000257727519958994814233348070661857549800614277,-0.0038743415243105618361392306358926726685921924,0.00000000624346000044832910880514309706489983726799291,5.82954849004105028180122919654620232603306842e-91
duration150,446471.385323668605007788162327023781511554175,0.00000000225454961227166455936516660006695969900792568,0.00113708962953799117144591065671423115973361362,507.677982137004042594612419068893281276628416,0.00000265257902755205027690387648299148357607074359,-0.0000000000000188677013263036981828841021737435904166249774,0.00000256259563532952814960710050346431006325335507,-0.00463011453952815974350031316546068015983691203,0.0000000052249243314549324366944265142628124038697864,7.67045853952769773921214367966605569214877424e-91
duration150,533505.571113602934996179879629710363369279496,0.00000000188675047304713076493144092339896894830730628,0.00113708962856876393225315337034756004006527099,606.64365169693303360005151817100826165626261,0.00000265257903063005938758210153439366357861951243,-0.0000000000000157896922156254731314819221711948215703752955,0.00000254505446660091409667480623173639594044769288,-0.00553321634486378410462295593539253094510542399,0.00000000437254891699380395216388802879026269967339975,8.28409522268991355834911517403934014752067618e-91
duration150,637506.016657508644864493834559972808932042621,0.00000000157895276651584556369601827755372056783551641,0.00113708962775765294761071814565458771373384713,724.901479174350604378371766679875745704890359,0.00000265257903320593313724740338795744201275515781,-0.0000000000000132138184659601712779181437370591761940755942,0.0000025240938585076180193220571782458097457926101,-0.00661236690247569704417259826933533173530538825,0.00000000365922696962014812069735301014182099598487624,1.31931886879876401114448871290256157904958917e-90
duration150,761780.088680617049981646740612609154389843547,0.00000000132136807410556044812547459262342637230143986,0.00113708962707886369925364217949095515464291353,866.212236953946559304592101278742843801918013,0.00000265257903536158808571717237619655570901039892,-0.0000000000000110581635174904022896790300408039350820581751,0.00000249904723296542281216885422123868334547685018,-0.00790188478308822953840747185502565477308448939,0.00000000306227380579655748804483441235051331744841824,-1.35000070295687480210133728762122580181818427e-90
duration150,910279.88496932377702972244125705591775589654,0.00000000110580482474990855737258974495538994159678336,0.00113708962651080969397567968295940191134734985,1035.06981442007118456903166414613631950387991,0.00000265257903716557721969736126104215121557796412,-9.2541743835102134048334345342363698783395962e-15,0.00000246911807054150918294819292064251032239496107,-0.00944277854688229146572380726196457635004806675,0.00000000256270543977706728668212098819672291860324806,1.44204620543120717497188301177721847012396956e-90
duration150,1087727.91687807828549788019889967391024293563,0.000000000925407790912382461616692025615688907549683291,0.00113708962603542598155717321266434797557393957,1236.84413023118695437805105776985402785810997,0.00000265257903867527003796557994648380520563758873,-7.7444815652419947193917805441767452689560403e-15,0.00000243335457996808774044587840173797492370755354,-0.0112840508758640615885163989651754791321336234,0.00000000214463486508059178320194566461328667826121004,-1.28863703464065322018764013818389735628099407e-90
duration150,1299767.29211784739720182540323323722810436023,0.000000000774440082294826858908823185114258186425559097,0.00113708962563759466290259648065732076399743707,1477.95190361027324116114925600349795636404891,0.00000265257903993867698533913025524200461688238255,-6.48107461786844441063358113293195145003345341e-15,0.00000239061942978391274712429270617215506144110799,-0.0134842569310341970464100130160957134191076092,0.00000000179476682442766858991708799994442469834589553,-7.67045853952769773921214367966605569214877424e-91
duration150,1553141.17385912720253842459119137622484815282,0.000000000648100704310585587020854741626230458835203539,0.00113708962530466411871072247414134558107824656,1766.06071542872114052884424967570943851580949,0.00000265257904099597625507264602837177290007952001,-5.42377534813492863750381284973481399474875129e-15,0.00000233955357952547740239220442217018587923088401,-0.0161133664924014775983529680044667590250860461,0.00000000150197500108944738491028763767832094642300748,-8.89773190585212937748608666841262460289257812e-91
duration150,1855907.22321222540522888175442697583802430165,0.000000000542371879414127862417714468027831207263065908,0.00113708962502604666944871957100566598448557406,2110.33284852552088341768203822020616516380291,0.0000026525790418807915142189896512576148932749319,-4.5389600889885850146179708565394021010138572e-15,0.00000227853306024671509939693805255551456861166208,-0.0192549891006248680794047387080602536304989338,0.00000000125694818571785478241087226259646078565221745,6.75000351478437401050668643810612900909092133e-91
duration150,2217693.84467025003986779985005021454045858606,0.000000000453891275881473454748335350669990980225773295,0.00113708962479288187163054616536527340629765126,2521.71666174157826808495112056005700768849481,0.00000265257904262126118547858441923043537283341999,-3.79849041772899024664515037698091401685288949e-15,0.00000220561732992433504754944502679834529569171839,-0.0230090329630522487240889320419462669633995294,0.00000000105189416624607523735794530679454294377673902,2.45454673264886327654788597749313782148760776e-91
duration150,2650006.38349577479529205403953908125827742782,0.000000000379845080729208335215841250624663608433568299,0.00113708962459775474272975870231351644900490402,3013.29476379086425156605383839949104662543687,0.00000265257904324093329025759883374477800086332118,-3.17881831294997583213080774895101282217335347e-15,0.00000211848756137492513237333230283965889392033209,-0.0274948821812681605408099603982521618263116389,0.000000000880291924125905961492137846907006317941534114,6.44318517320326610093820069091948678140497036e-91
duration150,3166593.01257723396576724603020256904068418483,0.000000000317878516334065516905864714692504636674359457,0.00113708962443445995386728678056511929430821548,3600.70005940823209525508439687388474963274277,0.0000026525790437595143102492272440897490292738175,-2.66023729295834742178583672054051650541874952e-15,0.0000020143729001490612115599443770777529653730339,-0.0328551933406472188510640694565065292437988431,0.000000000736684256380292233907392846308389968397684587,4.60227512371661864352728620779963341528926454e-91
duration150,3783881.94449379518059361042498461883128786583,0.000000000266020955050311721474586946641831262450435281,0.00113708962429780449125690544590778508194166429,4302.6128986516954696903653795757689947664176,0.00000265257904419349588242949666797766998915214033,-2.22625572077807799789791576066219367735984428e-15,0.00000188996234729528416256531151990773183898620231,-0.0392604321990301626290346742410782910146436245,0.000000000616504228549135229907263036314451638187872636,-8.89773190585212937748608666841262460289257812e-91
duration150,4521503.87277371370018530971679301062361117792,0.000000000222623250359924349793135010307854093315094825,0.00113708962418344251075371080829963892143689454,5141.35513943624197123159959805331511324393558,0.00000265257904455667925728401025394802604955934723,-1.86307234592356441192755970025498676802321762e-15,0.00000174129946473658109543359606980480587072616346,-0.0469142947478772491160809120172668643348331472,0.000000000515929939478190539637781001538707249234529884,-4.90909346529772655309577195498627564297521551e-91
duration150,5402916.25674454640392500468904300168355510912,0.000000000186305291594206242887088409074928569239490229,0.00113708962408773713363856049161617229319786828,6143.60001535918012014558298199579047575020046,0.00000265257904486061419880393467829953540508508326,-1.55913740440363998757605034472925074132144086e-15,0.0000015636565547358874850338526722166481093848057,-0.0560601850435957575398499150067386203141197543,0.000000000431762979258801722489387824285005078674042855,7.0568218563654819200751721852927712367768723e-91
duration150,6456149.30314921780708174505034414717586870576,0.000000000155912114390054268575089350871562198860668459,0.00113708962400764478854209313223383398458239087,7341.22038365516198836744371697409628339446155,0.00000265257904511496628391308283037163745848013203,-1.3047853192944918355039482913342019721099499e-15,0.00000135138431217304864353488283742528809826222274,-0.0669889558135800652085797722334702858437711688,0.000000000361326715103014831766888440780000565754297361,1.41136437127309638401503443705855424735537446e-90
duration150,7714697.36783759998163500598615973139528767647,0.000000000130477171129010059567065534747593680066223108,0.00113708962394061842141213283215908960932598294,8772.30232881013534814989543501744450590789812,0.00000265257904532782428198537274286718655894668601,-1.09192732122220192300839919086764799245589226e-15,0.00000109773216835510473903361023794363575463039436,-0.08004815799959096726987184478606367371879609,0.000000000302381170495945151117791204290221027767427112,-3.68182009897329491482182896623970673223141163e-91
duration150,9218584.12541498446321575429529258331447777246,0.000000000109191593305176589172209603582346898635504361,0.00113708962388452649545965766748901177890342178,10482.3563559159913113822089236620451986949916,0.00000265257904550595738957130763798325545976119197,-9.13794213636267027892330290053142029986514774e-16,0.000000794633613029531036807742197339610571009388881,-0.095653093387521740425285515151288197683488105,0.000000000253051790657750828327530970432713739898179547,1.16590969800821005636024583930924046520661368e-90
duration150,11015635.3808047514045740568514429331464397262,0.0000000000913784683202116888941075032180011431341077877,0.00113708962383758520516293316271675236888868443,12525.7646914912694316672478628910862080738391,0.00000265257904565503050077448219851166148815078466,-7.64721102433092467363924261663549341221208646e-16,0.000000432449667525545985643319436909863975484674802,-0.114300021813390473912182884673072742773562383,0.000000000211769828952531666878184465096402677430611114,-1.19659153216632084731709441402790468797520878e-90
duration150,13163000.0,0.0000000000764713126697462584517207323558459317784699537,0.00113708962379830174863580374910420579180738909,14967.5107180570459172930847494586608375606626,0.00000265257904577978435919142321363465428096325496,-6.39967244016151452240931468851079046418910798e-16,-0.00000000033764890691525054133916243933738776914878823,-0.136581942954082706915250541339162439337387769,0.000000000177222458444594054587415898998856974996130765,1.84091004948664745741091448311985336611570582e-91
